Workbook

Sheet FQ0765 Pag1
A1: Monitoramento de saída e retorno de material permanente (FQ-07.17)
A3: Ano:
A5: Número | B5: Mês | C5: Unidade | D5: Solicitante | E5: Data de liberação | F5: Data de retorno | G5: Observação
B6: =IF(E6="","",TEXT(E6,"mmmm"))
B7: =IF(E7="","",TEXT(E7,"mmmm"))
B8: =IF(E8="","",TEXT(E8,"mmmm"))
B9: =IF(E9="","",TEXT(E9,"mmmm"))
B10: =IF(E10="","",TEXT(E10,"mmmm"))
B11: =IF(E11="","",TEXT(E11,"mmmm"))
B12: =IF(E12="","",TEXT(E12,"mmmm"))
B13: =IF(E13="","",TEXT(E13,"mmmm"))
B14: =IF(E14="","",TEXT(E14,"mmmm"))
B15: =IF(E15="","",TEXT(E15,"mmmm"))
B16: =IF(E16="","",TEXT(E16,"mmmm"))
B17: =IF(E17="","",TEXT(E17,"mmmm"))
... B48: =IF(E48="","",TEXT(E48,"mmmm"))
A50: FQ-07.65 (anexo à IT-07.01.06) - revisão 00 de 12/06/25 - Página 1/2

Sheet FQ0765 Pag2
A1: Monitoramento de saída e retorno de material permanente (FQ-07.17)
A3: Ano: | B3: ='FQ0765 Pag1'!B3 -> 0
C5: Mês | D5: Quantidade
C6: Janeiro | D6: =COUNTIF('FQ0765 Pag1'!B6:B48,"janeiro") -> 0
C7: Fevereiro | D7: =COUNTIF('FQ0765 Pag1'!B6:B48,"fevereiro") -> 0
C8: Março | D8: =COUNTIF('FQ0765 Pag1'!B6:B48,"março") -> 0
C9: Abril | D9: =COUNTIF('FQ0765 Pag1'!B6:B48,"abril") -> 0
C10: Maio | D10: =COUNTIF('FQ0765 Pag1'!B6:B48,"maio") -> 0
C11: Junho | D11: =COUNTIF('FQ0765 Pag1'!B6:B48,"junho") -> 0
C12: Julho | D12: =COUNTIF('FQ0765 Pag1'!B6:B48,"julho") -> 0
C13: Agosto | D13: =COUNTIF('FQ0765 Pag1'!B6:B48,"agosto") -> 0
C14: Setembro | D14: =COUNTIF('FQ0765 Pag1'!B6:B48,"setembro") -> 0
C15: Outubro | D15: =COUNTIF('FQ0765 Pag1'!B6:B48,"outubro") -> 0
C16: Novembro | D16: =COUNTIF('FQ0765 Pag1'!B6:B48,"novembro") -> 0
C17: Dezembro | D17: =COUNTIF('FQ0765 Pag1'!B6:B48,"dezembro") -> 0
C18: Total | D18: =SUM(D6:D17) -> 0
A20: FQ-07.65 (anexo à IT-07.01.06) - revisão 00 de 12/06/25 - Página 2/2
