Workbook

Sheet Página 1
A1: Controle de transmissões ao vivo
A3: Ano:
A5: 1. Registros de transmissões ao vivo
A7: Data | B7: Unidade organizadora | C7: Coordenador/Responsável | D7: Formato | E7: Título | F7: Duração | G7: Link* | H7: Número de participantes**
A35: * Link em que a apresentação ficará disponível para consulta posterior à realização ** Número estimado de participantes
A37: FQ-07.49 (anexo à IT-07.01.03) - revisão 01 de 02/01/24 - Página 1/2

Sheet Página 2
A1: Controle de transmissões ao vivo
A3: Ano: | B3: ='Página 1'!B3 -> 0
A5: 2. Relatório
B7: Unidade | C7: Quantidade | D7: Formato | F7: Total de participantes
D8: Webinar | E8: Live
B9: CCQA | C9: =COUNTIF('Página 1'!B$8:B$34,"CCQA") -> 0 | D9: =COUNTIFS('Página 1'!B$8:B$34,"CCQA",'Página 1'!D$8:D$34,"Webinar") -> 0 | E9: =COUNTIFS('Página 1'!B$8:B$34,"CCQA",'Página 1'!D$8:D$34,"Live") -> 0 | F9: =SUMIF('Página 1'!B$8:B$34,"CCQA",'Página 1'!H$8:H$34) -> 0
B10: Cereal Chocotec | C10: =COUNTIF('Página 1'!B$8:B$34,"Cereal Chocotec") -> 0 | D10: =COUNTIFS('Página 1'!B$8:B$34,"Cereal Chocotec",'Página 1'!D$8:D$34,"Webinar") -> 0 | E10: =COUNTIFS('Página 1'!B$8:B$34,"Cereal Chocotec",'Página 1'!D$8:D$34,"Live") -> 0 | F10: =SUMIF('Página 1'!B$8:B$34,"Cereal Chocotec",'Página 1'!H$8:H$34) -> 0
B11: Cetea | C11: =COUNTIF('Página 1'!B$8:B$34,"Cetea") -> 0 | D11: =COUNTIFS('Página 1'!B$8:B$34,"Cetea",'Página 1'!D$8:D$34,"Webinar") -> 0 | E11: =COUNTIFS('Página 1'!B$8:B$34,"Cetea",'Página 1'!D$8:D$34,"Live") -> 0 | F11: =SUMIF('Página 1'!B$8:B$34,"Cetea",'Página 1'!H$8:H$34) -> 0
B12: CTC | C12: =COUNTIF('Página 1'!B$8:B$34,"CTC") -> 0 | D12: =COUNTIFS('Página 1'!B$8:B$34,"CTC",'Página 1'!D$8:D$34,"Webinar") -> 0 | E12: =COUNTIFS('Página 1'!B$8:B$34,"CTC",'Página 1'!D$8:D$34,"Live") -> 0 | F12: =SUMIF('Página 1'!B$8:B$34,"CTC",'Página 1'!H$8:H$34) -> 0
B13: DG | C13: =COUNTIF('Página 1'!B$8:B$34,"DG") -> 0 | D13: =COUNTIFS('Página 1'!B$8:B$34,"DG",'Página 1'!D$8:D$34,"Webinar") -> 0 | E13: =COUNTIFS('Página 1'!B$8:B$34,"DG",'Página 1'!D$8:D$34,"Live") -> 0 | F13: =SUMIF('Página 1'!B$8:B$34,"DG",'Página 1'!H$8:H$34) -> 0
B14: Fruthotec | C14: =COUNTIF('Página 1'!B$8:B$34,"Fruthotec") -> 0 | D14: =COUNTIFS('Página 1'!B$8:B$34,"Fruthotec",'Página 1'!D$8:D$34,"Webinar") -> 0 | E14: =COUNTIFS('Página 1'!B$8:B$34,"Fruthotec",'Página 1'!D$8:D$34,"Live") -> 0 | F14: =SUMIF('Página 1'!B$8:B$34,"Fruthotec",'Página 1'!H$8:H$34) -> 0
B15: Tecnolat | C15: =COUNTIF('Página 1'!B$8:B$34,"Tecnolat") -> 0 | D15: =COUNTIFS('Página 1'!B$8:B$34,"Tecnolat",'Página 1'!D$8:D$34,"Webinar") -> 0 | E15: =COUNTIFS('Página 1'!B$8:B$34,"Tecnolat",'Página 1'!D$8:D$34,"Live") -> 0 | F15: =SUMIF('Página 1'!B$8:B$34,"Tecnolat",'Página 1'!H$8:H$34) -> 0
B16: Total | C16: =SUM(C9:C15) -> 0 | D16: =SUM(D9:D15) -> 0 | E16: =SUM(E9:E15) -> 0 | F16: =SUM(F9:F15) -> 0
A18: FQ-07.49 (anexo à IT-07.01.03) - revisão 01 de 02/01/24 - Página 2/2
