Workbook

Sheet Página 1_2
A1: INSCRIÇÕES EM PALESTRAS/TREINAMENTOS INTERNOS
A3: Tipo
A5: Título:
A6: Período de inscrição: | C6: Data/Período:
A7: Local: | C7: Carga horária/Horário:
A8: Palestrante/Instrutor(a): | D8: Atualizado em:
A10: Nº | B10: Nome completo | C10: Unidade | D10: E-mail
A59: FQ-06.55 (anexo à IT-06.02.02) - RA - revisão 03 de 19/09/24 - Página 1/2

Sheet Página 2_2
A1: INSCRIÇÕES EM PALESTRAS/TREINAMENTOS INTERNOS
A3: ='Página 1_2'!A3 -> Tipo | C3: ='Página 1_2'!C3:D3 -> 0
A5: ='Página 1_2'!A5:D5 -> Título:
A6: ='Página 1_2'!A6:B6 -> Período de inscrição: | C6: ='Página 1_2'!C6:D6 -> Data/Período:
A7: ='Página 1_2'!A7:B7 -> Local: | C7: ='Página 1_2'!C7:D7 -> Carga horária/Horário:
A8: ='Página 1_2'!A8:C8 -> Palestrante/Instrutor(a): | D8: ='Página 1_2'!D8 -> Atualizado em:
A11: A - Quando a palestra ou treinamento for contratado externamente e houver a necessidade de rateio entre as Unidades, preencher as seguintes informações:
B13: Valor total da palestra/treinamento | C13: ------
B14: Número de inscritos: | C14: =SUMPRODUCT(('Página 1_2'!B11:B57<>"------------------------------")*(ISTEXT('Página 1_2'!B11:B57))) -> 0
B15: Valor por participante: | C15: =IFERROR(C13/C14,"")
A17: B - Rateio por Unidade (se aplicável):
B18: Unidade | C18: Nº Participantes | D18: Valor
B19: CCQA | C19: =COUNTIF('Página 1_2'!C$11:C$57,'Página 2_2'!B19) -> 0 | D19: =IFERROR(C19*C$15,"")
B20: Cereal Chocotec | C20: =COUNTIF('Página 1_2'!C$11:C$57,'Página 2_2'!B20) -> 0 | D20: =IFERROR(C20*C$15,"")
B21: Cetea | C21: =COUNTIF('Página 1_2'!C$11:C$57,'Página 2_2'!B21) -> 0 | D21: =IFERROR(C21*C$15,"")
B22: CTC | C22: =COUNTIF('Página 1_2'!C$11:C$57,'Página 2_2'!B22) -> 0 | D22: =IFERROR(C22*C$15,"")
B23: DG | C23: =COUNTIF('Página 1_2'!C$11:C$57,'Página 2_2'!B23) -> 0 | D23: =IFERROR(C23*C$15,"")
B24: Fruthotec | C24: =COUNTIF('Página 1_2'!C$11:C$57,'Página 2_2'!B24) -> 0 | D24: =IFERROR(C24*C$15,"")
B25: Tecnolat | C25: =COUNTIF('Página 1_2'!C$11:C$57,'Página 2_2'!B25) -> 0 | D25: =IFERROR(C25*C$15,"")
B26: NA | C26: =COUNTIF('Página 1_2'!C$11:C$57,'Página 2_2'!B26) -> 0
B27: Total | C27: =SUM(C19:C26) -> 0 | D27: =SUM(D19:D25) -> 0
A30: FQ-06.55 (anexo à IT-06.02.02) - revisão 03 de 19/09/24 - Página 2/2
