Workbook

Sheet FQ0835_p01
A1: MONITORAMENTO DE OCORRÊNCIAS - FUNDAÇÃO DE APOIO | P1: Fundepag
A2: (ANO)
A3: 1. REGISTROS DE OCORRÊNCIAS
A5: Nº | B5: Data | C5: Responsabilidade | D5: Tipo de registro | E5: Descrição da ocorrência | F5: Responsável | G5: Ação tomada | H5: Impacto no processo* | I5: Comentários | J5: Data de encerramento | K5: MÊS | L5: ITAL | M5: IMPACTO
K6: =IFERROR(IF(B6=0,“”,MONTH(B6)),0) -> 0 | L6: =IF(C6=P$1,"Não","Sim") -> Sim | M6: =IF(H6="ALTO","Sim","Não") -> Não
K7: =IFERROR(IF(B7=0,“”,MONTH(B7)),0) -> 0 | L7: =IF(C7=P$1,"Não","Sim") -> Sim | M7: =IF(H7="ALTO","Sim","Não") -> Não
K8: =IFERROR(IF(B8=0,“”,MONTH(B8)),0) -> 0 | L8: =IF(C8=P$1,"Não","Sim") -> Sim | M8: =IF(H8="ALTO","Sim","Não") -> Não
K9: =IFERROR(IF(B9=0,“”,MONTH(B9)),0) -> 0 | L9: =IF(C9=P$1,"Não","Sim") -> Sim | M9: =IF(H9="ALTO","Sim","Não") -> Não
K10: =IFERROR(IF(B10=0,“”,MONTH(B10)),0) -> 0 | L10: =IF(C10=P$1,"Não","Sim") -> Sim | M10: =IF(H10="ALTO","Sim","Não") -> Não
K11: =IFERROR(IF(B11=0,“”,MONTH(B11)),0) -> 0 | L11: =IF(C11=P$1,"Não","Sim") -> Sim | M11: =IF(H11="ALTO","Sim","Não") -> Não
K12: =IFERROR(IF(B12=0,“”,MONTH(B12)),0) -> 0 | L12: =IF(C12=P$1,"Não","Sim") -> Sim | M12: =IF(H12="ALTO","Sim","Não") -> Não
K13: =IFERROR(IF(B13=0,“”,MONTH(B13)),0) -> 0 | L13: =IF(C13=P$1,"Não","Sim") -> Sim | M13: =IF(H13="ALTO","Sim","Não") -> Não
K14: =IFERROR(IF(B14=0,“”,MONTH(B14)),0) -> 0 | L14: =IF(C14=P$1,"Não","Sim") -> Sim | M14: =IF(H14="ALTO","Sim","Não") -> Não
K15: =IFERROR(IF(B15=0,“”,MONTH(B15)),0) -> 0 | L15: =IF(C15=P$1,"Não","Sim") -> Sim | M15: =IF(H15="ALTO","Sim","Não") -> Não
K16: =IFERROR(IF(B16=0,“”,MONTH(B16)),0) -> 0 | L16: =IF(C16=P$1,"Não","Sim") -> Sim | M16: =IF(H16="ALTO","Sim","Não") -> Não
K17: =IFERROR(IF(B17=0,“”,MONTH(B17)),0) -> 0 | L17: =IF(C17=P$1,"Não","Sim") -> Sim | M17: =IF(H17="ALTO","Sim","Não") -> Não
... K30: =IFERROR(IF(B30=0,“”,MONTH(B30)),0) -> 0 | L30: =IF(C30=P$1,"Não","Sim") -> Sim | M30: =IF(H30="ALTO","Sim","Não") -> Não
A33: ORIENTAÇÕES:
A34: * Para preenchimento da coluna "Impacto no processo" considerar impacto gerado à PARTE INTERESSADA FA.
A36: FQ-08.35 (anexo à IT-08.01.04) - RA - revisão 05 de 02/01/24 - Página 1/2

Sheet FQ0835_p02
A1: MONITORAMENTO DE OCORRÊNCIAS - FUNDAÇÃO DE APOIO
A2: =FQ0835_p01!A2:J2 -> (ANO)
A4: 2. RELATÓRIO DE OCORRÊNCIAS - FUNDAÇÃO DE APOIO
A6: 2.1 Por tipo (Somente responsabilidade Ital - todos os níveis de impacto)
A8: Tipo | B8: MÊS
B9: JAN | C9: FEV | D9: MAR | E9: ABR | F9: MAI | G9: JUN | H9: JUL | I9: AGO | J9: SET | K9: OUT | L9: NOV | M9: DEZ | N9: Total
A10: Processo trabalhista | B10: =COUNTIFS(FQ0835_p01!K$6:K$30,1,FQ0835_p01!D$6:D$30,A10,FQ0835_p01!L$6:L$30,"Sim") -> 0 | C10: =COUNTIFS(FQ0835_p01!K$6:K$30,2,FQ0835_p01!D$6:D$30,A10,FQ0835_p01!L$6:L$30,"Sim") -> 0 | D10: =COUNTIFS(FQ0835_p01!K$6:K$30,3,FQ0835_p01!D$6:D$30,A10,FQ0835_p01!L$6:L$30,"Sim") -> 0 | E10: =COUNTIFS(FQ0835_p01!K$6:K$30,4,FQ0835_p01!D$6:D$30,A10,FQ0835_p01!L$6:L$30,"Sim") -> 0 | F10: =COUNTIFS(FQ0835_p01!K$6:K$30,5,FQ0835_p01!D$6:D$30,A10,FQ0835_p01!L$6:L$30,"Sim") -> 0 | G10: =COUNTIFS(FQ0835_p01!K$6:K$30,6,FQ0835_p01!D$6:D$30,A10,FQ0835_p01!L$6:L$30,"Sim") -> 0 | H10: =COUNTIFS(FQ0835_p01!K$6:K$30,7,FQ0835_p01!D$6:D$30,A10,FQ0835_p01!L$6:L$30,"Sim") -> 0 | I10: =COUNTIFS(FQ0835_p01!K$6:K$30,8,FQ0835_p01!D$6:D$30,A10,FQ0835_p01!L$6:L$30,"Sim") -> 0 | J10: =COUNTIFS(FQ0835_p01!K$6:K$30,9,FQ0835_p01!D$6:D$30,A10,FQ0835_p01!L$6:L$30,"Sim") -> 0 | K10: =COUNTIFS(FQ0835_p01!K$6:K$30,10,FQ0835_p01!D$6:D$30,A10,FQ0835_p01!L$6:L$30,"Sim") -> 0 | L10: =COUNTIFS(FQ0835_p01!K$6:K$30,11,FQ0835_p01!D$6:D$30,A10,FQ0835_p01!L$6:L$30,"Sim") -> 0 | M10: =COUNTIFS(FQ0835_p01!K$6:K$30,12,FQ0835_p01!D$6:D$30,A10,FQ0835_p01!L$6:L$30,"Sim") -> 0 | N10: =SUM(B10:M10) -> 0
A11: Atraso de pagamento com protesto | B11: =COUNTIFS(FQ0835_p01!K$6:K$30,1,FQ0835_p01!D$6:D$30,A11,FQ0835_p01!L$6:L$30,"Sim") -> 0 | C11: =COUNTIFS(FQ0835_p01!K$6:K$30,2,FQ0835_p01!D$6:D$30,A11,FQ0835_p01!L$6:L$30,"Sim") -> 0 | D11: =COUNTIFS(FQ0835_p01!K$6:K$30,3,FQ0835_p01!D$6:D$30,A11,FQ0835_p01!L$6:L$30,"Sim") -> 0 | E11: =COUNTIFS(FQ0835_p01!K$6:K$30,4,FQ0835_p01!D$6:D$30,A11,FQ0835_p01!L$6:L$30,"Sim") -> 0 | F11: =COUNTIFS(FQ0835_p01!K$6:K$30,5,FQ0835_p01!D$6:D$30,A11,FQ0835_p01!L$6:L$30,"Sim") -> 0 | G11: =COUNTIFS(FQ0835_p01!K$6:K$30,6,FQ0835_p01!D$6:D$30,A11,FQ0835_p01!L$6:L$30,"Sim") -> 0 | H11: =COUNTIFS(FQ0835_p01!K$6:K$30,7,FQ0835_p01!D$6:D$30,A11,FQ0835_p01!L$6:L$30,"Sim") -> 0 | I11: =COUNTIFS(FQ0835_p01!K$6:K$30,8,FQ0835_p01!D$6:D$30,A11,FQ0835_p01!L$6:L$30,"Sim") -> 0 | J11: =COUNTIFS(FQ0835_p01!K$6:K$30,9,FQ0835_p01!D$6:D$30,A11,FQ0835_p01!L$6:L$30,"Sim") -> 0 | K11: =COUNTIFS(FQ0835_p01!K$6:K$30,10,FQ0835_p01!D$6:D$30,A11,FQ0835_p01!L$6:L$30,"Sim") -> 0 | L11: =COUNTIFS(FQ0835_p01!K$6:K$30,11,FQ0835_p01!D$6:D$30,A11,FQ0835_p01!L$6:L$30,"Sim") -> 0 | M11: =COUNTIFS(FQ0835_p01!K$6:K$30,12,FQ0835_p01!D$6:D$30,A11,FQ0835_p01!L$6:L$30,"Sim") -> 0 | N11: =SUM(B11:M11) -> 0
A12: Atraso de pagamento sem protesto | B12: =COUNTIFS(FQ0835_p01!K$6:K$30,1,FQ0835_p01!D$6:D$30,A12,FQ0835_p01!L$6:L$30,"Sim") -> 0 | C12: =COUNTIFS(FQ0835_p01!K$6:K$30,2,FQ0835_p01!D$6:D$30,A12,FQ0835_p01!L$6:L$30,"Sim") -> 0 | D12: =COUNTIFS(FQ0835_p01!K$6:K$30,3,FQ0835_p01!D$6:D$30,A12,FQ0835_p01!L$6:L$30,"Sim") -> 0 | E12: =COUNTIFS(FQ0835_p01!K$6:K$30,4,FQ0835_p01!D$6:D$30,A12,FQ0835_p01!L$6:L$30,"Sim") -> 0 | F12: =COUNTIFS(FQ0835_p01!K$6:K$30,5,FQ0835_p01!D$6:D$30,A12,FQ0835_p01!L$6:L$30,"Sim") -> 0 | G12: =COUNTIFS(FQ0835_p01!K$6:K$30,6,FQ0835_p01!D$6:D$30,A12,FQ0835_p01!L$6:L$30,"Sim") -> 0 | H12: =COUNTIFS(FQ0835_p01!K$6:K$30,7,FQ0835_p01!D$6:D$30,A12,FQ0835_p01!L$6:L$30,"Sim") -> 0 | I12: =COUNTIFS(FQ0835_p01!K$6:K$30,8,FQ0835_p01!D$6:D$30,A12,FQ0835_p01!L$6:L$30,"Sim") -> 0 | J12: =COUNTIFS(FQ0835_p01!K$6:K$30,9,FQ0835_p01!D$6:D$30,A12,FQ0835_p01!L$6:L$30,"Sim") -> 0 | K12: =COUNTIFS(FQ0835_p01!K$6:K$30,10,FQ0835_p01!D$6:D$30,A12,FQ0835_p01!L$6:L$30,"Sim") -> 0 | L12: =COUNTIFS(FQ0835_p01!K$6:K$30,11,FQ0835_p01!D$6:D$30,A12,FQ0835_p01!L$6:L$30,"Sim") -> 0 | M12: =COUNTIFS(FQ0835_p01!K$6:K$30,12,FQ0835_p01!D$6:D$30,A12,FQ0835_p01!L$6:L$30,"Sim") -> 0 | N12: =SUM(B12:M12) -> 0
A13: Pessoal | B13: =COUNTIFS(FQ0835_p01!K$6:K$30,1,FQ0835_p01!D$6:D$30,A13,FQ0835_p01!L$6:L$30,"Sim") -> 0 | C13: =COUNTIFS(FQ0835_p01!K$6:K$30,2,FQ0835_p01!D$6:D$30,A13,FQ0835_p01!L$6:L$30,"Sim") -> 0 | D13: =COUNTIFS(FQ0835_p01!K$6:K$30,3,FQ0835_p01!D$6:D$30,A13,FQ0835_p01!L$6:L$30,"Sim") -> 0 | E13: =COUNTIFS(FQ0835_p01!K$6:K$30,4,FQ0835_p01!D$6:D$30,A13,FQ0835_p01!L$6:L$30,"Sim") -> 0 | F13: =COUNTIFS(FQ0835_p01!K$6:K$30,5,FQ0835_p01!D$6:D$30,A13,FQ0835_p01!L$6:L$30,"Sim") -> 0 | G13: =COUNTIFS(FQ0835_p01!K$6:K$30,6,FQ0835_p01!D$6:D$30,A13,FQ0835_p01!L$6:L$30,"Sim") -> 0 | H13: =COUNTIFS(FQ0835_p01!K$6:K$30,7,FQ0835_p01!D$6:D$30,A13,FQ0835_p01!L$6:L$30,"Sim") -> 0 | I13: =COUNTIFS(FQ0835_p01!K$6:K$30,8,FQ0835_p01!D$6:D$30,A13,FQ0835_p01!L$6:L$30,"Sim") -> 0 | J13: =COUNTIFS(FQ0835_p01!K$6:K$30,9,FQ0835_p01!D$6:D$30,A13,FQ0835_p01!L$6:L$30,"Sim") -> 0 | K13: =COUNTIFS(FQ0835_p01!K$6:K$30,10,FQ0835_p01!D$6:D$30,A13,FQ0835_p01!L$6:L$30,"Sim") -> 0 | L13: =COUNTIFS(FQ0835_p01!K$6:K$30,11,FQ0835_p01!D$6:D$30,A13,FQ0835_p01!L$6:L$30,"Sim") -> 0 | M13: =COUNTIFS(FQ0835_p01!K$6:K$30,12,FQ0835_p01!D$6:D$30,A13,FQ0835_p01!L$6:L$30,"Sim") -> 0 | N13: =SUM(B13:M13) -> 0
A14: Fornecedor | B14: =COUNTIFS(FQ0835_p01!K$6:K$30,1,FQ0835_p01!D$6:D$30,A14,FQ0835_p01!L$6:L$30,"Sim") -> 0 | C14: =COUNTIFS(FQ0835_p01!K$6:K$30,2,FQ0835_p01!D$6:D$30,A14,FQ0835_p01!L$6:L$30,"Sim") -> 0 | D14: =COUNTIFS(FQ0835_p01!K$6:K$30,3,FQ0835_p01!D$6:D$30,A14,FQ0835_p01!L$6:L$30,"Sim") -> 0 | E14: =COUNTIFS(FQ0835_p01!K$6:K$30,4,FQ0835_p01!D$6:D$30,A14,FQ0835_p01!L$6:L$30,"Sim") -> 0 | F14: =COUNTIFS(FQ0835_p01!K$6:K$30,5,FQ0835_p01!D$6:D$30,A14,FQ0835_p01!L$6:L$30,"Sim") -> 0 | G14: =COUNTIFS(FQ0835_p01!K$6:K$30,6,FQ0835_p01!D$6:D$30,A14,FQ0835_p01!L$6:L$30,"Sim") -> 0 | H14: =COUNTIFS(FQ0835_p01!K$6:K$30,7,FQ0835_p01!D$6:D$30,A14,FQ0835_p01!L$6:L$30,"Sim") -> 0 | I14: =COUNTIFS(FQ0835_p01!K$6:K$30,8,FQ0835_p01!D$6:D$30,A14,FQ0835_p01!L$6:L$30,"Sim") -> 0 | J14: =COUNTIFS(FQ0835_p01!K$6:K$30,9,FQ0835_p01!D$6:D$30,A14,FQ0835_p01!L$6:L$30,"Sim") -> 0 | K14: =COUNTIFS(FQ0835_p01!K$6:K$30,10,FQ0835_p01!D$6:D$30,A14,FQ0835_p01!L$6:L$30,"Sim") -> 0 | L14: =COUNTIFS(FQ0835_p01!K$6:K$30,11,FQ0835_p01!D$6:D$30,A14,FQ0835_p01!L$6:L$30,"Sim") -> 0 | M14: =COUNTIFS(FQ0835_p01!K$6:K$30,12,FQ0835_p01!D$6:D$30,A14,FQ0835_p01!L$6:L$30,"Sim") -> 0 | N14: =SUM(B14:M14) -> 0
A15: Cliente | B15: =COUNTIFS(FQ0835_p01!K$6:K$30,1,FQ0835_p01!D$6:D$30,A15,FQ0835_p01!L$6:L$30,"Sim") -> 0 | C15: =COUNTIFS(FQ0835_p01!K$6:K$30,2,FQ0835_p01!D$6:D$30,A15,FQ0835_p01!L$6:L$30,"Sim") -> 0 | D15: =COUNTIFS(FQ0835_p01!K$6:K$30,3,FQ0835_p01!D$6:D$30,A15,FQ0835_p01!L$6:L$30,"Sim") -> 0 | E15: =COUNTIFS(FQ0835_p01!K$6:K$30,4,FQ0835_p01!D$6:D$30,A15,FQ0835_p01!L$6:L$30,"Sim") -> 0 | F15: =COUNTIFS(FQ0835_p01!K$6:K$30,5,FQ0835_p01!D$6:D$30,A15,FQ0835_p01!L$6:L$30,"Sim") -> 0 | G15: =COUNTIFS(FQ0835_p01!K$6:K$30,6,FQ0835_p01!D$6:D$30,A15,FQ0835_p01!L$6:L$30,"Sim") -> 0 | H15: =COUNTIFS(FQ0835_p01!K$6:K$30,7,FQ0835_p01!D$6:D$30,A15,FQ0835_p01!L$6:L$30,"Sim") -> 0 | I15: =COUNTIFS(FQ0835_p01!K$6:K$30,8,FQ0835_p01!D$6:D$30,A15,FQ0835_p01!L$6:L$30,"Sim") -> 0 | J15: =COUNTIFS(FQ0835_p01!K$6:K$30,9,FQ0835_p01!D$6:D$30,A15,FQ0835_p01!L$6:L$30,"Sim") -> 0 | K15: =COUNTIFS(FQ0835_p01!K$6:K$30,10,FQ0835_p01!D$6:D$30,A15,FQ0835_p01!L$6:L$30,"Sim") -> 0 | L15: =COUNTIFS(FQ0835_p01!K$6:K$30,11,FQ0835_p01!D$6:D$30,A15,FQ0835_p01!L$6:L$30,"Sim") -> 0 | M15: =COUNTIFS(FQ0835_p01!K$6:K$30,12,FQ0835_p01!D$6:D$30,A15,FQ0835_p01!L$6:L$30,"Sim") -> 0 | N15: =SUM(B15:M15) -> 0
A16: Total | B16: =SUM(B10:B15) -> 0 | C16: =SUM(C10:C15) -> 0 | D16: =SUM(D10:D15) -> 0 | E16: =SUM(E10:E15) -> 0 | F16: =SUM(F10:F15) -> 0 | G16: =SUM(G10:G15) -> 0 | H16: =SUM(H10:H15) -> 0 | I16: =SUM(I10:I15) -> 0 | ... M16: =SUM(M10:M15) -> 0 | N16: =SUM(B16:M16) -> 0
A18: 2.1.1 Por tipo (Somente responsabilidade Ital - ALTO IMPACTO)
A20: Tipo | B20: MÊS
B21: JAN | C21: FEV | D21: MAR | E21: ABR | F21: MAI | G21: JUN | H21: JUL | I21: AGO | J21: SET | K21: OUT | L21: NOV | M21: DEZ | N21: Total
A22: Processo trabalhista | B22: =COUNTIFS(FQ0835_p01!K$6:K$30,1,FQ0835_p01!D$6:D$30,A22,FQ0835_p01!L$6:L$30,"Sim",FQ0835_p01!M$6:M$30,"Sim") -> 0 | C22: =COUNTIFS(FQ0835_p01!K$6:K$30,2,FQ0835_p01!D$6:D$30,A22,FQ0835_p01!L$6:L$30,"Sim",FQ0835_p01!M$6:M$30,"Sim") -> 0 | D22: =COUNTIFS(FQ0835_p01!K$6:K$30,3,FQ0835_p01!D$6:D$30,A22,FQ0835_p01!L$6:L$30,"Sim",FQ0835_p01!M$6:M$30,"Sim") -> 0 | E22: =COUNTIFS(FQ0835_p01!K$6:K$30,4,FQ0835_p01!D$6:D$30,A22,FQ0835_p01!L$6:L$30,"Sim",FQ0835_p01!M$6:M$30,"Sim") -> 0 | F22: =COUNTIFS(FQ0835_p01!K$6:K$30,5,FQ0835_p01!D$6:D$30,A22,FQ0835_p01!L$6:L$30,"Sim",FQ0835_p01!M$6:M$30,"Sim") -> 0 | G22: =COUNTIFS(FQ0835_p01!K$6:K$30,6,FQ0835_p01!D$6:D$30,A22,FQ0835_p01!L$6:L$30,"Sim",FQ0835_p01!M$6:M$30,"Sim") -> 0 | H22: =COUNTIFS(FQ0835_p01!K$6:K$30,7,FQ0835_p01!D$6:D$30,A22,FQ0835_p01!L$6:L$30,"Sim",FQ0835_p01!M$6:M$30,"Sim") -> 0 | I22: =COUNTIFS(FQ0835_p01!K$6:K$30,8,FQ0835_p01!D$6:D$30,A22,FQ0835_p01!L$6:L$30,"Sim",FQ0835_p01!M$6:M$30,"Sim") -> 0 | J22: =COUNTIFS(FQ0835_p01!K$6:K$30,9,FQ0835_p01!D$6:D$30,A22,FQ0835_p01!L$6:L$30,"Sim",FQ0835_p01!M$6:M$30,"Sim") -> 0 | K22: =COUNTIFS(FQ0835_p01!K$6:K$30,10,FQ0835_p01!D$6:D$30,A22,FQ0835_p01!L$6:L$30,"Sim",FQ0835_p01!M$6:M$30,"Sim") -> 0 | L22: =COUNTIFS(FQ0835_p01!K$6:K$30,11,FQ0835_p01!D$6:D$30,A22,FQ0835_p01!L$6:L$30,"Sim",FQ0835_p01!M$6:M$30,"Sim") -> 0 | M22: =COUNTIFS(FQ0835_p01!K$6:K$30,12,FQ0835_p01!D$6:D$30,A22,FQ0835_p01!L$6:L$30,"Sim",FQ0835_p01!M$6:M$30,"Sim") -> 0 | N22: =SUM(B22:M22) -> 0
A23: Atraso de pagamento com protesto | B23: =COUNTIFS(FQ0835_p01!K$6:K$30,1,FQ0835_p01!D$6:D$30,A23,FQ0835_p01!L$6:L$30,"Sim",FQ0835_p01!M$6:M$30,"Sim") -> 0 | C23: =COUNTIFS(FQ0835_p01!K$6:K$30,2,FQ0835_p01!D$6:D$30,A23,FQ0835_p01!L$6:L$30,"Sim",FQ0835_p01!M$6:M$30,"Sim") -> 0 | D23: =COUNTIFS(FQ0835_p01!K$6:K$30,3,FQ0835_p01!D$6:D$30,A23,FQ0835_p01!L$6:L$30,"Sim") -> 0 | E23: =COUNTIFS(FQ0835_p01!K$6:K$30,4,FQ0835_p01!D$6:D$30,A23,FQ0835_p01!L$6:L$30,"Sim",FQ0835_p01!M$6:M$30,"Sim") -> 0 | F23: =COUNTIFS(FQ0835_p01!K$6:K$30,5,FQ0835_p01!D$6:D$30,A23,FQ0835_p01!L$6:L$30,"Sim",FQ0835_p01!M$6:M$30,"Sim") -> 0 | G23: =COUNTIFS(FQ0835_p01!K$6:K$30,6,FQ0835_p01!D$6:D$30,A23,FQ0835_p01!L$6:L$30,"Sim",FQ0835_p01!M$6:M$30,"Sim") -> 0 | H23: =COUNTIFS(FQ0835_p01!K$6:K$30,7,FQ0835_p01!D$6:D$30,A23,FQ0835_p01!L$6:L$30,"Sim",FQ0835_p01!M$6:M$30,"Sim") -> 0 | I23: =COUNTIFS(FQ0835_p01!K$6:K$30,8,FQ0835_p01!D$6:D$30,A23,FQ0835_p01!L$6:L$30,"Sim",FQ0835_p01!M$6:M$30,"Sim") -> 0 | J23: =COUNTIFS(FQ0835_p01!K$6:K$30,9,FQ0835_p01!D$6:D$30,A23,FQ0835_p01!L$6:L$30,"Sim",FQ0835_p01!M$6:M$30,"Sim") -> 0 | K23: =COUNTIFS(FQ0835_p01!K$6:K$30,10,FQ0835_p01!D$6:D$30,A23,FQ0835_p01!L$6:L$30,"Sim",FQ0835_p01!M$6:M$30,"Sim") -> 0 | L23: =COUNTIFS(FQ0835_p01!K$6:K$30,11,FQ0835_p01!D$6:D$30,A23,FQ0835_p01!L$6:L$30,"Sim",FQ0835_p01!M$6:M$30,"Sim") -> 0 | M23: =COUNTIFS(FQ0835_p01!K$6:K$30,12,FQ0835_p01!D$6:D$30,A23,FQ0835_p01!L$6:L$30,"Sim",FQ0835_p01!M$6:M$30,"Sim") -> 0 | N23: =SUM(B23:M23) -> 0
A24: Atraso de pagamento sem protesto | B24: =COUNTIFS(FQ0835_p01!K$6:K$30,1,FQ0835_p01!D$6:D$30,A24,FQ0835_p01!L$6:L$30,"Sim",FQ0835_p01!M$6:M$30,"Sim") -> 0 | C24: =COUNTIFS(FQ0835_p01!K$6:K$30,2,FQ0835_p01!D$6:D$30,A24,FQ0835_p01!L$6:L$30,"Sim",FQ0835_p01!M$6:M$30,"Sim") -> 0 | D24: =COUNTIFS(FQ0835_p01!K$6:K$30,3,FQ0835_p01!D$6:D$30,A24,FQ0835_p01!L$6:L$30,"Sim") -> 0 | E24: =COUNTIFS(FQ0835_p01!K$6:K$30,4,FQ0835_p01!D$6:D$30,A24,FQ0835_p01!L$6:L$30,"Sim",FQ0835_p01!M$6:M$30,"Sim") -> 0 | F24: =COUNTIFS(FQ0835_p01!K$6:K$30,5,FQ0835_p01!D$6:D$30,A24,FQ0835_p01!L$6:L$30,"Sim",FQ0835_p01!M$6:M$30,"Sim") -> 0 | G24: =COUNTIFS(FQ0835_p01!K$6:K$30,6,FQ0835_p01!D$6:D$30,A24,FQ0835_p01!L$6:L$30,"Sim",FQ0835_p01!M$6:M$30,"Sim") -> 0 | H24: =COUNTIFS(FQ0835_p01!K$6:K$30,7,FQ0835_p01!D$6:D$30,A24,FQ0835_p01!L$6:L$30,"Sim",FQ0835_p01!M$6:M$30,"Sim") -> 0 | I24: =COUNTIFS(FQ0835_p01!K$6:K$30,8,FQ0835_p01!D$6:D$30,A24,FQ0835_p01!L$6:L$30,"Sim",FQ0835_p01!M$6:M$30,"Sim") -> 0 | J24: =COUNTIFS(FQ0835_p01!K$6:K$30,9,FQ0835_p01!D$6:D$30,A24,FQ0835_p01!L$6:L$30,"Sim",FQ0835_p01!M$6:M$30,"Sim") -> 0 | K24: =COUNTIFS(FQ0835_p01!K$6:K$30,10,FQ0835_p01!D$6:D$30,A24,FQ0835_p01!L$6:L$30,"Sim",FQ0835_p01!M$6:M$30,"Sim") -> 0 | L24: =COUNTIFS(FQ0835_p01!K$6:K$30,11,FQ0835_p01!D$6:D$30,A24,FQ0835_p01!L$6:L$30,"Sim",FQ0835_p01!M$6:M$30,"Sim") -> 0 | M24: =COUNTIFS(FQ0835_p01!K$6:K$30,12,FQ0835_p01!D$6:D$30,A24,FQ0835_p01!L$6:L$30,"Sim",FQ0835_p01!M$6:M$30,"Sim") -> 0 | N24: =SUM(B24:M24) -> 0
A25: Pessoal | B25: =COUNTIFS(FQ0835_p01!K$6:K$30,1,FQ0835_p01!D$6:D$30,A25,FQ0835_p01!L$6:L$30,"Sim",FQ0835_p01!M$6:M$30,"Sim") -> 0 | C25: =COUNTIFS(FQ0835_p01!K$6:K$30,2,FQ0835_p01!D$6:D$30,A25,FQ0835_p01!L$6:L$30,"Sim",FQ0835_p01!M$6:M$30,"Sim") -> 0 | D25: =COUNTIFS(FQ0835_p01!K$6:K$30,3,FQ0835_p01!D$6:D$30,A25,FQ0835_p01!L$6:L$30,"Sim") -> 0 | E25: =COUNTIFS(FQ0835_p01!K$6:K$30,4,FQ0835_p01!D$6:D$30,A25,FQ0835_p01!L$6:L$30,"Sim",FQ0835_p01!M$6:M$30,"Sim") -> 0 | F25: =COUNTIFS(FQ0835_p01!K$6:K$30,5,FQ0835_p01!D$6:D$30,A25,FQ0835_p01!L$6:L$30,"Sim",FQ0835_p01!M$6:M$30,"Sim") -> 0 | G25: =COUNTIFS(FQ0835_p01!K$6:K$30,6,FQ0835_p01!D$6:D$30,A25,FQ0835_p01!L$6:L$30,"Sim",FQ0835_p01!M$6:M$30,"Sim") -> 0 | H25: =COUNTIFS(FQ0835_p01!K$6:K$30,7,FQ0835_p01!D$6:D$30,A25,FQ0835_p01!L$6:L$30,"Sim",FQ0835_p01!M$6:M$30,"Sim") -> 0 | I25: =COUNTIFS(FQ0835_p01!K$6:K$30,8,FQ0835_p01!D$6:D$30,A25,FQ0835_p01!L$6:L$30,"Sim",FQ0835_p01!M$6:M$30,"Sim") -> 0 | J25: =COUNTIFS(FQ0835_p01!K$6:K$30,9,FQ0835_p01!D$6:D$30,A25,FQ0835_p01!L$6:L$30,"Sim",FQ0835_p01!M$6:M$30,"Sim") -> 0 | K25: =COUNTIFS(FQ0835_p01!K$6:K$30,10,FQ0835_p01!D$6:D$30,A25,FQ0835_p01!L$6:L$30,"Sim",FQ0835_p01!M$6:M$30,"Sim") -> 0 | L25: =COUNTIFS(FQ0835_p01!K$6:K$30,11,FQ0835_p01!D$6:D$30,A25,FQ0835_p01!L$6:L$30,"Sim",FQ0835_p01!M$6:M$30,"Sim") -> 0 | M25: =COUNTIFS(FQ0835_p01!K$6:K$30,12,FQ0835_p01!D$6:D$30,A25,FQ0835_p01!L$6:L$30,"Sim",FQ0835_p01!M$6:M$30,"Sim") -> 0 | N25: =SUM(B25:M25) -> 0
A26: Fornecedor | B26: =COUNTIFS(FQ0835_p01!K$6:K$30,1,FQ0835_p01!D$6:D$30,A26,FQ0835_p01!L$6:L$30,"Sim",FQ0835_p01!M$6:M$30,"Sim") -> 0 | C26: =COUNTIFS(FQ0835_p01!K$6:K$30,2,FQ0835_p01!D$6:D$30,A26,FQ0835_p01!L$6:L$30,"Sim",FQ0835_p01!M$6:M$30,"Sim") -> 0 | D26: =COUNTIFS(FQ0835_p01!K$6:K$30,3,FQ0835_p01!D$6:D$30,A26,FQ0835_p01!L$6:L$30,"Sim") -> 0 | E26: =COUNTIFS(FQ0835_p01!K$6:K$30,4,FQ0835_p01!D$6:D$30,A26,FQ0835_p01!L$6:L$30,"Sim",FQ0835_p01!M$6:M$30,"Sim") -> 0 | F26: =COUNTIFS(FQ0835_p01!K$6:K$30,5,FQ0835_p01!D$6:D$30,A26,FQ0835_p01!L$6:L$30,"Sim",FQ0835_p01!M$6:M$30,"Sim") -> 0 | G26: =COUNTIFS(FQ0835_p01!K$6:K$30,6,FQ0835_p01!D$6:D$30,A26,FQ0835_p01!L$6:L$30,"Sim",FQ0835_p01!M$6:M$30,"Sim") -> 0 | H26: =COUNTIFS(FQ0835_p01!K$6:K$30,7,FQ0835_p01!D$6:D$30,A26,FQ0835_p01!L$6:L$30,"Sim",FQ0835_p01!M$6:M$30,"Sim") -> 0 | I26: =COUNTIFS(FQ0835_p01!K$6:K$30,8,FQ0835_p01!D$6:D$30,A26,FQ0835_p01!L$6:L$30,"Sim",FQ0835_p01!M$6:M$30,"Sim") -> 0 | J26: =COUNTIFS(FQ0835_p01!K$6:K$30,9,FQ0835_p01!D$6:D$30,A26,FQ0835_p01!L$6:L$30,"Sim",FQ0835_p01!M$6:M$30,"Sim") -> 0 | K26: =COUNTIFS(FQ0835_p01!K$6:K$30,10,FQ0835_p01!D$6:D$30,A26,FQ0835_p01!L$6:L$30,"Sim",FQ0835_p01!M$6:M$30,"Sim") -> 0 | L26: =COUNTIFS(FQ0835_p01!K$6:K$30,11,FQ0835_p01!D$6:D$30,A26,FQ0835_p01!L$6:L$30,"Sim",FQ0835_p01!M$6:M$30,"Sim") -> 0 | M26: =COUNTIFS(FQ0835_p01!K$6:K$30,12,FQ0835_p01!D$6:D$30,A26,FQ0835_p01!L$6:L$30,"Sim",FQ0835_p01!M$6:M$30,"Sim") -> 0 | N26: =SUM(B26:M26) -> 0
A27: Cliente | B27: =COUNTIFS(FQ0835_p01!K$6:K$30,1,FQ0835_p01!D$6:D$30,A27,FQ0835_p01!L$6:L$30,"Sim",FQ0835_p01!M$6:M$30,"Sim") -> 0 | C27: =COUNTIFS(FQ0835_p01!K$6:K$30,2,FQ0835_p01!D$6:D$30,A27,FQ0835_p01!L$6:L$30,"Sim",FQ0835_p01!M$6:M$30,"Sim") -> 0 | D27: =COUNTIFS(FQ0835_p01!K$6:K$30,3,FQ0835_p01!D$6:D$30,A27,FQ0835_p01!L$6:L$30,"Sim",FQ0835_p01!M$6:M$30,"Sim") -> 0 | E27: =COUNTIFS(FQ0835_p01!K$6:K$30,4,FQ0835_p01!D$6:D$30,A27,FQ0835_p01!L$6:L$30,"Sim",FQ0835_p01!M$6:M$30,"Sim") -> 0 | F27: =COUNTIFS(FQ0835_p01!K$6:K$30,5,FQ0835_p01!D$6:D$30,A27,FQ0835_p01!L$6:L$30,"Sim",FQ0835_p01!M$6:M$30,"Sim") -> 0 | G27: =COUNTIFS(FQ0835_p01!K$6:K$30,6,FQ0835_p01!D$6:D$30,A27,FQ0835_p01!L$6:L$30,"Sim",FQ0835_p01!M$6:M$30,"Sim") -> 0 | H27: =COUNTIFS(FQ0835_p01!K$6:K$30,7,FQ0835_p01!D$6:D$30,A27,FQ0835_p01!L$6:L$30,"Sim",FQ0835_p01!M$6:M$30,"Sim") -> 0 | I27: =COUNTIFS(FQ0835_p01!K$6:K$30,8,FQ0835_p01!D$6:D$30,A27,FQ0835_p01!L$6:L$30,"Sim",FQ0835_p01!M$6:M$30,"Sim") -> 0 | J27: =COUNTIFS(FQ0835_p01!K$6:K$30,9,FQ0835_p01!D$6:D$30,A27,FQ0835_p01!L$6:L$30,"Sim",FQ0835_p01!M$6:M$30,"Sim") -> 0 | K27: =COUNTIFS(FQ0835_p01!K$6:K$30,10,FQ0835_p01!D$6:D$30,A27,FQ0835_p01!L$6:L$30,"Sim",FQ0835_p01!M$6:M$30,"Sim") -> 0 | L27: =COUNTIFS(FQ0835_p01!K$6:K$30,11,FQ0835_p01!D$6:D$30,A27,FQ0835_p01!L$6:L$30,"Sim",FQ0835_p01!M$6:M$30,"Sim") -> 0 | M27: =COUNTIFS(FQ0835_p01!K$6:K$30,12,FQ0835_p01!D$6:D$30,A27,FQ0835_p01!L$6:L$30,"Sim",FQ0835_p01!M$6:M$30,"Sim") -> 0 | N27: =SUM(B27:M27) -> 0
A28: Total | B28: =SUM(B22:B27) -> 0 | C28: =SUM(C22:C27) -> 0 | D28: =SUM(D22:D27) -> 0 | E28: =SUM(E22:E27) -> 0 | F28: =SUM(F22:F27) -> 0 | G28: =SUM(G22:G27) -> 0 | H28: =SUM(H22:H27) -> 0 | I28: =SUM(I22:I27) -> 0 | ... M28: =SUM(M22:M27) -> 0 | N28: =SUM(B28:M28) -> 0
A30: 2.2 Por tipo (Somente responsabilidade Fundepag - todos os níveis de impacto)
A32: Tipo | B32: MÊS
B33: JAN | C33: FEV | D33: MAR | E33: ABR | F33: MAI | G33: JUN | H33: JUL | I33: AGO | J33: SET | K33: OUT | L33: NOV | M33: DEZ | N33: Total
A34: Processo trabalhista | B34: =COUNTIFS(FQ0835_p01!K$6:K$30,1,FQ0835_p01!D$6:D$30,A34,FQ0835_p01!L$6:L$30,"Não") -> 0 | C34: =COUNTIFS(FQ0835_p01!K$6:K$30,2,FQ0835_p01!D$6:D$30,A34,FQ0835_p01!L$6:L$30,"Não") -> 0 | D34: =COUNTIFS(FQ0835_p01!K$6:K$30,3,FQ0835_p01!D$6:D$30,A34,FQ0835_p01!L$6:L$30,"Não") -> 0 | E34: =COUNTIFS(FQ0835_p01!K$6:K$30,4,FQ0835_p01!D$6:D$30,A34,FQ0835_p01!L$6:L$30,"Não") -> 0 | F34: =COUNTIFS(FQ0835_p01!K$6:K$30,5,FQ0835_p01!D$6:D$30,A34,FQ0835_p01!L$6:L$30,"Não") -> 0 | G34: =COUNTIFS(FQ0835_p01!K$6:K$30,6,FQ0835_p01!D$6:D$30,A34,FQ0835_p01!L$6:L$30,"Não") -> 0 | H34: =COUNTIFS(FQ0835_p01!K$6:K$30,7,FQ0835_p01!D$6:D$30,A34,FQ0835_p01!L$6:L$30,"Não") -> 0 | I34: =COUNTIFS(FQ0835_p01!K$6:K$30,8,FQ0835_p01!D$6:D$30,A34,FQ0835_p01!L$6:L$30,"Não") -> 0 | J34: =COUNTIFS(FQ0835_p01!K$6:K$30,9,FQ0835_p01!D$6:D$30,A34,FQ0835_p01!L$6:L$30,"Não") -> 0 | K34: =COUNTIFS(FQ0835_p01!K$6:K$30,10,FQ0835_p01!D$6:D$30,A34,FQ0835_p01!L$6:L$30,"Não") -> 0 | L34: =COUNTIFS(FQ0835_p01!K$6:K$30,11,FQ0835_p01!D$6:D$30,A34,FQ0835_p01!L$6:L$30,"Não") -> 0 | M34: =COUNTIFS(FQ0835_p01!K$6:K$30,12,FQ0835_p01!D$6:D$30,A34,FQ0835_p01!L$6:L$30,"Não") -> 0 | N34: =SUM(B34:M34) -> 0
A35: Atraso de pagamento com protesto | B35: =COUNTIFS(FQ0835_p01!K$6:K$30,1,FQ0835_p01!D$6:D$30,A35,FQ0835_p01!L$6:L$30,"Não") -> 0 | C35: =COUNTIFS(FQ0835_p01!K$6:K$30,2,FQ0835_p01!D$6:D$30,A35,FQ0835_p01!L$6:L$30,"Não") -> 0 | D35: =COUNTIFS(FQ0835_p01!K$6:K$30,3,FQ0835_p01!D$6:D$30,A35,FQ0835_p01!L$6:L$30,"Não") -> 0 | E35: =COUNTIFS(FQ0835_p01!K$6:K$30,4,FQ0835_p01!D$6:D$30,A35,FQ0835_p01!L$6:L$30,"Não") -> 0 | F35: =COUNTIFS(FQ0835_p01!K$6:K$30,5,FQ0835_p01!D$6:D$30,A35,FQ0835_p01!L$6:L$30,"Não") -> 0 | G35: =COUNTIFS(FQ0835_p01!K$6:K$30,6,FQ0835_p01!D$6:D$30,A35,FQ0835_p01!L$6:L$30,"Não") -> 0 | H35: =COUNTIFS(FQ0835_p01!K$6:K$30,7,FQ0835_p01!D$6:D$30,A35,FQ0835_p01!L$6:L$30,"Não") -> 0 | I35: =COUNTIFS(FQ0835_p01!K$6:K$30,8,FQ0835_p01!D$6:D$30,A35,FQ0835_p01!L$6:L$30,"Não") -> 0 | J35: =COUNTIFS(FQ0835_p01!K$6:K$30,9,FQ0835_p01!D$6:D$30,A35,FQ0835_p01!L$6:L$30,"Não") -> 0 | K35: =COUNTIFS(FQ0835_p01!K$6:K$30,10,FQ0835_p01!D$6:D$30,A35,FQ0835_p01!L$6:L$30,"Não") -> 0 | L35: =COUNTIFS(FQ0835_p01!K$6:K$30,11,FQ0835_p01!D$6:D$30,A35,FQ0835_p01!L$6:L$30,"Não") -> 0 | M35: =COUNTIFS(FQ0835_p01!K$6:K$30,12,FQ0835_p01!D$6:D$30,A35,FQ0835_p01!L$6:L$30,"Não") -> 0 | N35: =SUM(B35:M35) -> 0
A36: Atraso de pagamento sem protesto | B36: =COUNTIFS(FQ0835_p01!K$6:K$30,1,FQ0835_p01!D$6:D$30,A36,FQ0835_p01!L$6:L$30,"Não") -> 0 | C36: =COUNTIFS(FQ0835_p01!K$6:K$30,2,FQ0835_p01!D$6:D$30,A36,FQ0835_p01!L$6:L$30,"Não") -> 0 | D36: =COUNTIFS(FQ0835_p01!K$6:K$30,3,FQ0835_p01!D$6:D$30,A36,FQ0835_p01!L$6:L$30,"Não") -> 0 | E36: =COUNTIFS(FQ0835_p01!K$6:K$30,4,FQ0835_p01!D$6:D$30,A36,FQ0835_p01!L$6:L$30,"Não") -> 0 | F36: =COUNTIFS(FQ0835_p01!K$6:K$30,5,FQ0835_p01!D$6:D$30,A36,FQ0835_p01!L$6:L$30,"Não") -> 0 | G36: =COUNTIFS(FQ0835_p01!K$6:K$30,6,FQ0835_p01!D$6:D$30,A36,FQ0835_p01!L$6:L$30,"Não") -> 0 | H36: =COUNTIFS(FQ0835_p01!K$6:K$30,7,FQ0835_p01!D$6:D$30,A36,FQ0835_p01!L$6:L$30,"Não") -> 0 | I36: =COUNTIFS(FQ0835_p01!K$6:K$30,8,FQ0835_p01!D$6:D$30,A36,FQ0835_p01!L$6:L$30,"Não") -> 0 | J36: =COUNTIFS(FQ0835_p01!K$6:K$30,9,FQ0835_p01!D$6:D$30,A36,FQ0835_p01!L$6:L$30,"Não") -> 0 | K36: =COUNTIFS(FQ0835_p01!K$6:K$30,10,FQ0835_p01!D$6:D$30,A36,FQ0835_p01!L$6:L$30,"Não") -> 0 | L36: =COUNTIFS(FQ0835_p01!K$6:K$30,11,FQ0835_p01!D$6:D$30,A36,FQ0835_p01!L$6:L$30,"Não") -> 0 | M36: =COUNTIFS(FQ0835_p01!K$6:K$30,12,FQ0835_p01!D$6:D$30,A36,FQ0835_p01!L$6:L$30,"Não") -> 0 | N36: =SUM(B36:M36) -> 0
A37: Pessoal | B37: =COUNTIFS(FQ0835_p01!K$6:K$30,1,FQ0835_p01!D$6:D$30,A37,FQ0835_p01!L$6:L$30,"Não") -> 0 | C37: =COUNTIFS(FQ0835_p01!K$6:K$30,2,FQ0835_p01!D$6:D$30,A37,FQ0835_p01!L$6:L$30,"Não") -> 0 | D37: =COUNTIFS(FQ0835_p01!K$6:K$30,3,FQ0835_p01!D$6:D$30,A37,FQ0835_p01!L$6:L$30,"Não") -> 0 | E37: =COUNTIFS(FQ0835_p01!K$6:K$30,4,FQ0835_p01!D$6:D$30,A37,FQ0835_p01!L$6:L$30,"Não") -> 0 | F37: =COUNTIFS(FQ0835_p01!K$6:K$30,5,FQ0835_p01!D$6:D$30,A37,FQ0835_p01!L$6:L$30,"Não") -> 0 | G37: =COUNTIFS(FQ0835_p01!K$6:K$30,6,FQ0835_p01!D$6:D$30,A37,FQ0835_p01!L$6:L$30,"Não") -> 0 | H37: =COUNTIFS(FQ0835_p01!K$6:K$30,7,FQ0835_p01!D$6:D$30,A37,FQ0835_p01!L$6:L$30,"Não") -> 0 | I37: =COUNTIFS(FQ0835_p01!K$6:K$30,8,FQ0835_p01!D$6:D$30,A37,FQ0835_p01!L$6:L$30,"Não") -> 0 | J37: =COUNTIFS(FQ0835_p01!K$6:K$30,9,FQ0835_p01!D$6:D$30,A37,FQ0835_p01!L$6:L$30,"Não") -> 0 | K37: =COUNTIFS(FQ0835_p01!K$6:K$30,10,FQ0835_p01!D$6:D$30,A37,FQ0835_p01!L$6:L$30,"Não") -> 0 | L37: =COUNTIFS(FQ0835_p01!K$6:K$30,11,FQ0835_p01!D$6:D$30,A37,FQ0835_p01!L$6:L$30,"Não") -> 0 | M37: =COUNTIFS(FQ0835_p01!K$6:K$30,12,FQ0835_p01!D$6:D$30,A37,FQ0835_p01!L$6:L$30,"Não") -> 0 | N37: =SUM(B37:M37) -> 0
A38: Fornecedor | B38: =COUNTIFS(FQ0835_p01!K$6:K$30,1,FQ0835_p01!D$6:D$30,A38,FQ0835_p01!L$6:L$30,"Não") -> 0 | C38: =COUNTIFS(FQ0835_p01!K$6:K$30,2,FQ0835_p01!D$6:D$30,A38,FQ0835_p01!L$6:L$30,"Não") -> 0 | D38: =COUNTIFS(FQ0835_p01!K$6:K$30,3,FQ0835_p01!D$6:D$30,A38,FQ0835_p01!L$6:L$30,"Não") -> 0 | E38: =COUNTIFS(FQ0835_p01!K$6:K$30,4,FQ0835_p01!D$6:D$30,A38,FQ0835_p01!L$6:L$30,"Não") -> 0 | F38: =COUNTIFS(FQ0835_p01!K$6:K$30,5,FQ0835_p01!D$6:D$30,A38,FQ0835_p01!L$6:L$30,"Não") -> 0 | G38: =COUNTIFS(FQ0835_p01!K$6:K$30,6,FQ0835_p01!D$6:D$30,A38,FQ0835_p01!L$6:L$30,"Não") -> 0 | H38: =COUNTIFS(FQ0835_p01!K$6:K$30,7,FQ0835_p01!D$6:D$30,A38,FQ0835_p01!L$6:L$30,"Não") -> 0 | I38: =COUNTIFS(FQ0835_p01!K$6:K$30,8,FQ0835_p01!D$6:D$30,A38,FQ0835_p01!L$6:L$30,"Não") -> 0 | J38: =COUNTIFS(FQ0835_p01!K$6:K$30,9,FQ0835_p01!D$6:D$30,A38,FQ0835_p01!L$6:L$30,"Não") -> 0 | K38: =COUNTIFS(FQ0835_p01!K$6:K$30,10,FQ0835_p01!D$6:D$30,A38,FQ0835_p01!L$6:L$30,"Não") -> 0 | L38: =COUNTIFS(FQ0835_p01!K$6:K$30,11,FQ0835_p01!D$6:D$30,A38,FQ0835_p01!L$6:L$30,"Não") -> 0 | M38: =COUNTIFS(FQ0835_p01!K$6:K$30,12,FQ0835_p01!D$6:D$30,A38,FQ0835_p01!L$6:L$30,"Não") -> 0 | N38: =SUM(B38:M38) -> 0
A39: Cliente | B39: =COUNTIFS(FQ0835_p01!K$6:K$30,1,FQ0835_p01!D$6:D$30,A39,FQ0835_p01!L$6:L$30,"Não") -> 0 | C39: =COUNTIFS(FQ0835_p01!K$6:K$30,2,FQ0835_p01!D$6:D$30,A39,FQ0835_p01!L$6:L$30,"Não") -> 0 | D39: =COUNTIFS(FQ0835_p01!K$6:K$30,3,FQ0835_p01!D$6:D$30,A39,FQ0835_p01!L$6:L$30,"Não") -> 0 | E39: =COUNTIFS(FQ0835_p01!K$6:K$30,4,FQ0835_p01!D$6:D$30,A39,FQ0835_p01!L$6:L$30,"Não") -> 0 | F39: =COUNTIFS(FQ0835_p01!K$6:K$30,5,FQ0835_p01!D$6:D$30,A39,FQ0835_p01!L$6:L$30,"Não") -> 0 | G39: =COUNTIFS(FQ0835_p01!K$6:K$30,6,FQ0835_p01!D$6:D$30,A39,FQ0835_p01!L$6:L$30,"Não") -> 0 | H39: =COUNTIFS(FQ0835_p01!K$6:K$30,7,FQ0835_p01!D$6:D$30,A39,FQ0835_p01!L$6:L$30,"Não") -> 0 | I39: =COUNTIFS(FQ0835_p01!K$6:K$30,8,FQ0835_p01!D$6:D$30,A39,FQ0835_p01!L$6:L$30,"Não") -> 0 | J39: =COUNTIFS(FQ0835_p01!K$6:K$30,9,FQ0835_p01!D$6:D$30,A39,FQ0835_p01!L$6:L$30,"Não") -> 0 | K39: =COUNTIFS(FQ0835_p01!K$6:K$30,10,FQ0835_p01!D$6:D$30,A39,FQ0835_p01!L$6:L$30,"Não") -> 0 | L39: =COUNTIFS(FQ0835_p01!K$6:K$30,11,FQ0835_p01!D$6:D$30,A39,FQ0835_p01!L$6:L$30,"Não") -> 0 | M39: =COUNTIFS(FQ0835_p01!K$6:K$30,12,FQ0835_p01!D$6:D$30,A39,FQ0835_p01!L$6:L$30,"Não") -> 0 | N39: =SUM(B39:M39) -> 0
A40: Total | B40: =SUM(B34:B39) -> 0 | C40: =SUM(C34:C39) -> 0 | D40: =SUM(D34:D39) -> 0 | E40: =SUM(E34:E39) -> 0 | F40: =SUM(F34:F39) -> 0 | G40: =SUM(G34:G39) -> 0 | H40: =SUM(H34:H39) -> 0 | I40: =SUM(I34:I39) -> 0 | ... M40: =SUM(M34:M39) -> 0 | N40: =SUM(B40:M40) -> 0
A42: 2.2.1 Por tipo (Somente responsabilidade Fundepag - ALTO IMPACTO)
A44: Tipo | B44: MÊS
B45: JAN | C45: FEV | D45: MAR | E45: ABR | F45: MAI | G45: JUN | H45: JUL | I45: AGO | J45: SET | K45: OUT | L45: NOV | M45: DEZ | N45: Total
A46: Processo trabalhista | B46: =COUNTIFS(FQ0835_p01!K$6:K$30,1,FQ0835_p01!D$6:D$30,A46,FQ0835_p01!L$6:L$30,"Não",FQ0835_p01!M$6:M$30,"Sim") -> 0 | C46: =COUNTIFS(FQ0835_p01!K$6:K$30,2,FQ0835_p01!D$6:D$30,A46,FQ0835_p01!L$6:L$30,"Não",FQ0835_p01!M$6:M$30,"Sim") -> 0 | D46: =COUNTIFS(FQ0835_p01!K$6:K$30,3,FQ0835_p01!D$6:D$30,A46,FQ0835_p01!L$6:L$30,"Não",FQ0835_p01!M$6:M$30,"Sim") -> 0 | E46: =COUNTIFS(FQ0835_p01!K$6:K$30,4,FQ0835_p01!D$6:D$30,A46,FQ0835_p01!L$6:L$30,"Não",FQ0835_p01!M$6:M$30,"Sim") -> 0 | F46: =COUNTIFS(FQ0835_p01!K$6:K$30,5,FQ0835_p01!D$6:D$30,A46,FQ0835_p01!L$6:L$30,"Não",FQ0835_p01!M$6:M$30,"Sim") -> 0 | G46: =COUNTIFS(FQ0835_p01!K$6:K$30,6,FQ0835_p01!D$6:D$30,A46,FQ0835_p01!L$6:L$30,"Não",FQ0835_p01!M$6:M$30,"Sim") -> 0 | H46: =COUNTIFS(FQ0835_p01!K$6:K$30,7,FQ0835_p01!D$6:D$30,A46,FQ0835_p01!L$6:L$30,"Não",FQ0835_p01!M$6:M$30,"Sim") -> 0 | I46: =COUNTIFS(FQ0835_p01!K$6:K$30,8,FQ0835_p01!D$6:D$30,A46,FQ0835_p01!L$6:L$30,"Não",FQ0835_p01!M$6:M$30,"Sim") -> 0 | J46: =COUNTIFS(FQ0835_p01!K$6:K$30,9,FQ0835_p01!D$6:D$30,A46,FQ0835_p01!L$6:L$30,"Não",FQ0835_p01!M$6:M$30,"Sim") -> 0 | K46: =COUNTIFS(FQ0835_p01!K$6:K$30,10,FQ0835_p01!D$6:D$30,A46,FQ0835_p01!L$6:L$30,"Não",FQ0835_p01!M$6:M$30,"Sim") -> 0 | L46: =COUNTIFS(FQ0835_p01!K$6:K$30,11,FQ0835_p01!D$6:D$30,A46,FQ0835_p01!L$6:L$30,"Não",FQ0835_p01!M$6:M$30,"Sim") -> 0 | M46: =COUNTIFS(FQ0835_p01!K$6:K$30,12,FQ0835_p01!D$6:D$30,A46,FQ0835_p01!L$6:L$30,"Não",FQ0835_p01!M$6:M$30,"Sim") -> 0 | N46: =SUM(B46:M46) -> 0
A47: Atraso de pagamento com protesto | B47: =COUNTIFS(FQ0835_p01!K$6:K$30,1,FQ0835_p01!D$6:D$30,A47,FQ0835_p01!L$6:L$30,"Não",FQ0835_p01!M$6:M$30,"Sim") -> 0 | C47: =COUNTIFS(FQ0835_p01!K$6:K$30,2,FQ0835_p01!D$6:D$30,A47,FQ0835_p01!L$6:L$30,"Não",FQ0835_p01!M$6:M$30,"Sim") -> 0 | D47: =COUNTIFS(FQ0835_p01!K$6:K$30,3,FQ0835_p01!D$6:D$30,A47,FQ0835_p01!L$6:L$30,"Não") -> 0 | E47: =COUNTIFS(FQ0835_p01!K$6:K$30,4,FQ0835_p01!D$6:D$30,A47,FQ0835_p01!L$6:L$30,"Não",FQ0835_p01!M$6:M$30,"Sim") -> 0 | F47: =COUNTIFS(FQ0835_p01!K$6:K$30,5,FQ0835_p01!D$6:D$30,A47,FQ0835_p01!L$6:L$30,"Não",FQ0835_p01!M$6:M$30,"Sim") -> 0 | G47: =COUNTIFS(FQ0835_p01!K$6:K$30,6,FQ0835_p01!D$6:D$30,A47,FQ0835_p01!L$6:L$30,"Não",FQ0835_p01!M$6:M$30,"Sim") -> 0 | H47: =COUNTIFS(FQ0835_p01!K$6:K$30,7,FQ0835_p01!D$6:D$30,A47,FQ0835_p01!L$6:L$30,"Não",FQ0835_p01!M$6:M$30,"Sim") -> 0 | I47: =COUNTIFS(FQ0835_p01!K$6:K$30,8,FQ0835_p01!D$6:D$30,A47,FQ0835_p01!L$6:L$30,"Não",FQ0835_p01!M$6:M$30,"Sim") -> 0 | J47: =COUNTIFS(FQ0835_p01!K$6:K$30,9,FQ0835_p01!D$6:D$30,A47,FQ0835_p01!L$6:L$30,"Não",FQ0835_p01!M$6:M$30,"Sim") -> 0 | K47: =COUNTIFS(FQ0835_p01!K$6:K$30,10,FQ0835_p01!D$6:D$30,A47,FQ0835_p01!L$6:L$30,"Não",FQ0835_p01!M$6:M$30,"Sim") -> 0 | L47: =COUNTIFS(FQ0835_p01!K$6:K$30,11,FQ0835_p01!D$6:D$30,A47,FQ0835_p01!L$6:L$30,"Não",FQ0835_p01!M$6:M$30,"Sim") -> 0 | M47: =COUNTIFS(FQ0835_p01!K$6:K$30,12,FQ0835_p01!D$6:D$30,A47,FQ0835_p01!L$6:L$30,"Não",FQ0835_p01!M$6:M$30,"Sim") -> 0 | N47: =SUM(B47:M47) -> 0
A48: Atraso de pagamento sem protesto | B48: =COUNTIFS(FQ0835_p01!K$6:K$30,1,FQ0835_p01!D$6:D$30,A48,FQ0835_p01!L$6:L$30,"Não",FQ0835_p01!M$6:M$30,"Sim") -> 0 | C48: =COUNTIFS(FQ0835_p01!K$6:K$30,2,FQ0835_p01!D$6:D$30,A48,FQ0835_p01!L$6:L$30,"Não",FQ0835_p01!M$6:M$30,"Sim") -> 0 | D48: =COUNTIFS(FQ0835_p01!K$6:K$30,3,FQ0835_p01!D$6:D$30,A48,FQ0835_p01!L$6:L$30,"Não") -> 0 | E48: =COUNTIFS(FQ0835_p01!K$6:K$30,4,FQ0835_p01!D$6:D$30,A48,FQ0835_p01!L$6:L$30,"Não",FQ0835_p01!M$6:M$30,"Sim") -> 0 | F48: =COUNTIFS(FQ0835_p01!K$6:K$30,5,FQ0835_p01!D$6:D$30,A48,FQ0835_p01!L$6:L$30,"Não",FQ0835_p01!M$6:M$30,"Sim") -> 0 | G48: =COUNTIFS(FQ0835_p01!K$6:K$30,6,FQ0835_p01!D$6:D$30,A48,FQ0835_p01!L$6:L$30,"Não",FQ0835_p01!M$6:M$30,"Sim") -> 0 | H48: =COUNTIFS(FQ0835_p01!K$6:K$30,7,FQ0835_p01!D$6:D$30,A48,FQ0835_p01!L$6:L$30,"Não",FQ0835_p01!M$6:M$30,"Sim") -> 0 | I48: =COUNTIFS(FQ0835_p01!K$6:K$30,8,FQ0835_p01!D$6:D$30,A48,FQ0835_p01!L$6:L$30,"Não",FQ0835_p01!M$6:M$30,"Sim") -> 0 | J48: =COUNTIFS(FQ0835_p01!K$6:K$30,9,FQ0835_p01!D$6:D$30,A48,FQ0835_p01!L$6:L$30,"Não",FQ0835_p01!M$6:M$30,"Sim") -> 0 | K48: =COUNTIFS(FQ0835_p01!K$6:K$30,10,FQ0835_p01!D$6:D$30,A48,FQ0835_p01!L$6:L$30,"Não",FQ0835_p01!M$6:M$30,"Sim") -> 0 | L48: =COUNTIFS(FQ0835_p01!K$6:K$30,11,FQ0835_p01!D$6:D$30,A48,FQ0835_p01!L$6:L$30,"Não",FQ0835_p01!M$6:M$30,"Sim") -> 0 | M48: =COUNTIFS(FQ0835_p01!K$6:K$30,12,FQ0835_p01!D$6:D$30,A48,FQ0835_p01!L$6:L$30,"Não",FQ0835_p01!M$6:M$30,"Sim") -> 0 | N48: =SUM(B48:M48) -> 0
A49: Pessoal | B49: =COUNTIFS(FQ0835_p01!K$6:K$30,1,FQ0835_p01!D$6:D$30,A49,FQ0835_p01!L$6:L$30,"Não",FQ0835_p01!M$6:M$30,"Sim") -> 0 | C49: =COUNTIFS(FQ0835_p01!K$6:K$30,2,FQ0835_p01!D$6:D$30,A49,FQ0835_p01!L$6:L$30,"Não",FQ0835_p01!M$6:M$30,"Sim") -> 0 | D49: =COUNTIFS(FQ0835_p01!K$6:K$30,3,FQ0835_p01!D$6:D$30,A49,FQ0835_p01!L$6:L$30,"Não") -> 0 | E49: =COUNTIFS(FQ0835_p01!K$6:K$30,4,FQ0835_p01!D$6:D$30,A49,FQ0835_p01!L$6:L$30,"Não",FQ0835_p01!M$6:M$30,"Sim") -> 0 | F49: =COUNTIFS(FQ0835_p01!K$6:K$30,5,FQ0835_p01!D$6:D$30,A49,FQ0835_p01!L$6:L$30,"Não",FQ0835_p01!M$6:M$30,"Sim") -> 0 | G49: =COUNTIFS(FQ0835_p01!K$6:K$30,6,FQ0835_p01!D$6:D$30,A49,FQ0835_p01!L$6:L$30,"Não",FQ0835_p01!M$6:M$30,"Sim") -> 0 | H49: =COUNTIFS(FQ0835_p01!K$6:K$30,7,FQ0835_p01!D$6:D$30,A49,FQ0835_p01!L$6:L$30,"Não",FQ0835_p01!M$6:M$30,"Sim") -> 0 | I49: =COUNTIFS(FQ0835_p01!K$6:K$30,8,FQ0835_p01!D$6:D$30,A49,FQ0835_p01!L$6:L$30,"Não",FQ0835_p01!M$6:M$30,"Sim") -> 0 | J49: =COUNTIFS(FQ0835_p01!K$6:K$30,9,FQ0835_p01!D$6:D$30,A49,FQ0835_p01!L$6:L$30,"Não",FQ0835_p01!M$6:M$30,"Sim") -> 0 | K49: =COUNTIFS(FQ0835_p01!K$6:K$30,10,FQ0835_p01!D$6:D$30,A49,FQ0835_p01!L$6:L$30,"Não",FQ0835_p01!M$6:M$30,"Sim") -> 0 | L49: =COUNTIFS(FQ0835_p01!K$6:K$30,11,FQ0835_p01!D$6:D$30,A49,FQ0835_p01!L$6:L$30,"Não",FQ0835_p01!M$6:M$30,"Sim") -> 0 | M49: =COUNTIFS(FQ0835_p01!K$6:K$30,12,FQ0835_p01!D$6:D$30,A49,FQ0835_p01!L$6:L$30,"Não",FQ0835_p01!M$6:M$30,"Sim") -> 0 | N49: =SUM(B49:M49) -> 0
A50: Fornecedor | B50: =COUNTIFS(FQ0835_p01!K$6:K$30,1,FQ0835_p01!D$6:D$30,A50,FQ0835_p01!L$6:L$30,"Não",FQ0835_p01!M$6:M$30,"Sim") -> 0 | C50: =COUNTIFS(FQ0835_p01!K$6:K$30,2,FQ0835_p01!D$6:D$30,A50,FQ0835_p01!L$6:L$30,"Não",FQ0835_p01!M$6:M$30,"Sim") -> 0 | D50: =COUNTIFS(FQ0835_p01!K$6:K$30,3,FQ0835_p01!D$6:D$30,A50,FQ0835_p01!L$6:L$30,"Não") -> 0 | E50: =COUNTIFS(FQ0835_p01!K$6:K$30,4,FQ0835_p01!D$6:D$30,A50,FQ0835_p01!L$6:L$30,"Não",FQ0835_p01!M$6:M$30,"Sim") -> 0 | F50: =COUNTIFS(FQ0835_p01!K$6:K$30,5,FQ0835_p01!D$6:D$30,A50,FQ0835_p01!L$6:L$30,"Não",FQ0835_p01!M$6:M$30,"Sim") -> 0 | G50: =COUNTIFS(FQ0835_p01!K$6:K$30,6,FQ0835_p01!D$6:D$30,A50,FQ0835_p01!L$6:L$30,"Não",FQ0835_p01!M$6:M$30,"Sim") -> 0 | H50: =COUNTIFS(FQ0835_p01!K$6:K$30,7,FQ0835_p01!D$6:D$30,A50,FQ0835_p01!L$6:L$30,"Não",FQ0835_p01!M$6:M$30,"Sim") -> 0 | I50: =COUNTIFS(FQ0835_p01!K$6:K$30,8,FQ0835_p01!D$6:D$30,A50,FQ0835_p01!L$6:L$30,"Não",FQ0835_p01!M$6:M$30,"Sim") -> 0 | J50: =COUNTIFS(FQ0835_p01!K$6:K$30,9,FQ0835_p01!D$6:D$30,A50,FQ0835_p01!L$6:L$30,"Não",FQ0835_p01!M$6:M$30,"Sim") -> 0 | K50: =COUNTIFS(FQ0835_p01!K$6:K$30,10,FQ0835_p01!D$6:D$30,A50,FQ0835_p01!L$6:L$30,"Não",FQ0835_p01!M$6:M$30,"Sim") -> 0 | L50: =COUNTIFS(FQ0835_p01!K$6:K$30,11,FQ0835_p01!D$6:D$30,A50,FQ0835_p01!L$6:L$30,"Não",FQ0835_p01!M$6:M$30,"Sim") -> 0 | M50: =COUNTIFS(FQ0835_p01!K$6:K$30,12,FQ0835_p01!D$6:D$30,A50,FQ0835_p01!L$6:L$30,"Não",FQ0835_p01!M$6:M$30,"Sim") -> 0 | N50: =SUM(B50:M50) -> 0
A51: Cliente | B51: =COUNTIFS(FQ0835_p01!K$6:K$30,1,FQ0835_p01!D$6:D$30,A51,FQ0835_p01!L$6:L$30,"Não",FQ0835_p01!M$6:M$30,"Sim") -> 0 | C51: =COUNTIFS(FQ0835_p01!K$6:K$30,2,FQ0835_p01!D$6:D$30,A51,FQ0835_p01!L$6:L$30,"Não",FQ0835_p01!M$6:M$30,"Sim") -> 0 | D51: =COUNTIFS(FQ0835_p01!K$6:K$30,3,FQ0835_p01!D$6:D$30,A51,FQ0835_p01!L$6:L$30,"Não",FQ0835_p01!M$6:M$30,"Sim") -> 0 | E51: =COUNTIFS(FQ0835_p01!K$6:K$30,4,FQ0835_p01!D$6:D$30,A51,FQ0835_p01!L$6:L$30,"Não",FQ0835_p01!M$6:M$30,"Sim") -> 0 | F51: =COUNTIFS(FQ0835_p01!K$6:K$30,5,FQ0835_p01!D$6:D$30,A51,FQ0835_p01!L$6:L$30,"Não",FQ0835_p01!M$6:M$30,"Sim") -> 0 | G51: =COUNTIFS(FQ0835_p01!K$6:K$30,6,FQ0835_p01!D$6:D$30,A51,FQ0835_p01!L$6:L$30,"Não",FQ0835_p01!M$6:M$30,"Sim") -> 0 | H51: =COUNTIFS(FQ0835_p01!K$6:K$30,7,FQ0835_p01!D$6:D$30,A51,FQ0835_p01!L$6:L$30,"Não",FQ0835_p01!M$6:M$30,"Sim") -> 0 | I51: =COUNTIFS(FQ0835_p01!K$6:K$30,8,FQ0835_p01!D$6:D$30,A51,FQ0835_p01!L$6:L$30,"Não",FQ0835_p01!M$6:M$30,"Sim") -> 0 | J51: =COUNTIFS(FQ0835_p01!K$6:K$30,9,FQ0835_p01!D$6:D$30,A51,FQ0835_p01!L$6:L$30,"Não",FQ0835_p01!M$6:M$30,"Sim") -> 0 | K51: =COUNTIFS(FQ0835_p01!K$6:K$30,10,FQ0835_p01!D$6:D$30,A51,FQ0835_p01!L$6:L$30,"Não",FQ0835_p01!M$6:M$30,"Sim") -> 0 | L51: =COUNTIFS(FQ0835_p01!K$6:K$30,11,FQ0835_p01!D$6:D$30,A51,FQ0835_p01!L$6:L$30,"Não",FQ0835_p01!M$6:M$30,"Sim") -> 0 | M51: =COUNTIFS(FQ0835_p01!K$6:K$30,12,FQ0835_p01!D$6:D$30,A51,FQ0835_p01!L$6:L$30,"Não",FQ0835_p01!M$6:M$30,"Sim") -> 0 | N51: =SUM(B51:M51) -> 0
A52: Total | B52: =SUM(B46:B51) -> 0 | C52: =SUM(C46:C51) -> 0 | D52: =SUM(D46:D51) -> 0 | E52: =SUM(E46:E51) -> 0 | F52: =SUM(F46:F51) -> 0 | G52: =SUM(G46:G51) -> 0 | H52: =SUM(H46:H51) -> 0 | I52: =SUM(I46:I51) -> 0 | ... M52: =SUM(M46:M51) -> 0 | N52: =SUM(B52:M52) -> 0
A54: 2.3 Por tipo (Ital + Fundepag - todos os níveis de impactos)
A56: Tipo | B56: MÊS
B57: JAN | C57: FEV | D57: MAR | E57: ABR | F57: MAI | G57: JUN | H57: JUL | I57: AGO | J57: SET | K57: OUT | L57: NOV | M57: DEZ | N57: Total
A58: Processo trabalhista | B58: =B10+B34 -> 0 | C58: =C10+C34 -> 0 | D58: =D10+D34 -> 0 | E58: =E10+E34 -> 0 | F58: =F10+F34 -> 0 | G58: =G10+G34 -> 0 | H58: =H10+H34 -> 0 | I58: =I10+I34 -> 0 | ... M58: =M10+M34 -> 0 | N58: =SUM(B58:M58) -> 0
A59: Atraso de pagamento com protesto | B59: =B11+B35 -> 0 | C59: =C11+C35 -> 0 | D59: =D11+D35 -> 0 | E59: =E11+E35 -> 0 | F59: =F11+F35 -> 0 | G59: =G11+G35 -> 0 | H59: =H11+H35 -> 0 | I59: =I11+I35 -> 0 | ... M59: =M11+M35 -> 0 | N59: =SUM(B59:M59) -> 0
A60: Atraso de pagamento sem protesto | B60: =B12+B36 -> 0 | C60: =C12+C36 -> 0 | D60: =D12+D36 -> 0 | E60: =E12+E36 -> 0 | F60: =F12+F36 -> 0 | G60: =G12+G36 -> 0 | H60: =H12+H36 -> 0 | I60: =I12+I36 -> 0 | ... M60: =M12+M36 -> 0 | N60: =SUM(B60:M60) -> 0
A61: Pessoal | B61: =B13+B37 -> 0 | C61: =C13+C37 -> 0 | D61: =D13+D37 -> 0 | E61: =E13+E37 -> 0 | F61: =F13+F37 -> 0 | G61: =G13+G37 -> 0 | H61: =H13+H37 -> 0 | I61: =I13+I37 -> 0 | ... M61: =M13+M37 -> 0 | N61: =SUM(B61:M61) -> 0
A62: Fornecedor | B62: =B14+B38 -> 0 | C62: =C14+C38 -> 0 | D62: =D14+D38 -> 0 | E62: =E14+E38 -> 0 | F62: =F14+F38 -> 0 | G62: =G14+G38 -> 0 | H62: =H14+H38 -> 0 | I62: =I14+I38 -> 0 | ... M62: =M14+M38 -> 0 | N62: =SUM(B62:M62) -> 0
A63: Cliente | B63: =B15+B39 -> 0 | C63: =C15+C39 -> 0 | D63: =D15+D39 -> 0 | E63: =E15+E39 -> 0 | F63: =F15+F39 -> 0 | G63: =G15+G39 -> 0 | H63: =H15+H39 -> 0 | I63: =I15+I39 -> 0 | ... M63: =M15+M39 -> 0 | N63: =SUM(B63:M63) -> 0
A64: Total | B64: =SUM(B58:B63) -> 0 | C64: =SUM(C58:C63) -> 0 | D64: =SUM(D58:D63) -> 0 | E64: =SUM(E58:E63) -> 0 | F64: =SUM(F58:F63) -> 0 | G64: =SUM(G58:G63) -> 0 | H64: =SUM(H58:H63) -> 0 | I64: =SUM(I58:I63) -> 0 | ... M64: =SUM(M58:M63) -> 0 | N64: =SUM(B64:M64) -> 0
A66: 2.3.1 Por tipo (Ital + Fundepag - ALTO IMPACTO)
A68: Tipo | B68: MÊS
B69: JAN | C69: FEV | D69: MAR | E69: ABR | F69: MAI | G69: JUN | H69: JUL | I69: AGO | J69: SET | K69: OUT | L69: NOV | M69: DEZ | N69: Total
A70: Processo trabalhista | B70: =B46+B22 -> 0 | C70: =C46+C22 -> 0 | D70: =D46+D22 -> 0 | E70: =E46+E22 -> 0 | F70: =F46+F22 -> 0 | G70: =G46+G22 -> 0 | H70: =H46+H22 -> 0 | I70: =I46+I22 -> 0 | ... M70: =M46+M22 -> 0 | N70: =SUM(B70:M70) -> 0
A71: Atraso de pagamento com protesto | B71: =B47+B23 -> 0 | C71: =C47+C23 -> 0 | D71: =D47+D23 -> 0 | E71: =E47+E23 -> 0 | F71: =F47+F23 -> 0 | G71: =G47+G23 -> 0 | H71: =H47+H23 -> 0 | I71: =I47+I23 -> 0 | ... M71: =M47+M23 -> 0 | N71: =SUM(B71:M71) -> 0
A72: Atraso de pagamento sem protesto | B72: =B48+B24 -> 0 | C72: =C48+C24 -> 0 | D72: =D48+D24 -> 0 | E72: =E48+E24 -> 0 | F72: =F48+F24 -> 0 | G72: =G48+G24 -> 0 | H72: =H48+H24 -> 0 | I72: =I48+I24 -> 0 | ... M72: =M48+M24 -> 0 | N72: =SUM(B72:M72) -> 0
A73: Pessoal | B73: =B49+B25 -> 0 | C73: =C49+C25 -> 0 | D73: =D49+D25 -> 0 | E73: =E49+E25 -> 0 | F73: =F49+F25 -> 0 | G73: =G49+G25 -> 0 | H73: =H49+H25 -> 0 | I73: =I49+I25 -> 0 | ... M73: =M49+M25 -> 0 | N73: =SUM(B73:M73) -> 0
A74: Fornecedor | B74: =B50+B26 -> 0 | C74: =C50+C26 -> 0 | D74: =D50+D26 -> 0 | E74: =E50+E26 -> 0 | F74: =F50+F26 -> 0 | G74: =G50+G26 -> 0 | H74: =H50+H26 -> 0 | I74: =I50+I26 -> 0 | ... M74: =M50+M26 -> 0 | N74: =SUM(B74:M74) -> 0
A75: Cliente | B75: =B51+B27 -> 0 | C75: =C51+C27 -> 0 | D75: =D51+D27 -> 0 | E75: =E51+E27 -> 0 | F75: =F51+F27 -> 0 | G75: =G51+G27 -> 0 | H75: =H51+H27 -> 0 | I75: =I51+I27 -> 0 | ... M75: =M51+M27 -> 0 | N75: =SUM(B75:M75) -> 0
A76: Total | B76: =SUM(B70:B75) -> 0 | C76: =SUM(C70:C75) -> 0 | D76: =SUM(D70:D75) -> 0 | E76: =SUM(E70:E75) -> 0 | F76: =SUM(F70:F75) -> 0 | G76: =SUM(G70:G75) -> 0 | H76: =SUM(H70:H75) -> 0 | I76: =SUM(I70:I75) -> 0 | ... M76: =SUM(M70:M75) -> 0 | N76: =SUM(B76:M76) -> 0
A78: 3. Por Unidade (total de ocorrências por mês)
A80: Unidade | B80: MÊS
B81: JAN | C81: FEV | D81: MAR | E81: ABR | F81: MAI | G81: JUN | H81: JUL | I81: AGO | J81: SET | K81: OUT | L81: NOV | M81: DEZ | N81: Total
A82: CCQA | B82: =COUNTIFS(FQ0835_p01!C$6:C$30,A82,FQ0835_p01!K$6:K$30,1) -> 0 | C82: =COUNTIFS(FQ0835_p01!C$6:C$30,A82,FQ0835_p01!K$6:K$30,2) -> 0 | D82: =COUNTIFS(FQ0835_p01!C$6:C$30,A82,FQ0835_p01!K$6:K$30,3) -> 0 | E82: =COUNTIFS(FQ0835_p01!C$6:C$30,A82,FQ0835_p01!K$6:K$30,4) -> 0 | F82: =COUNTIFS(FQ0835_p01!C$6:C$30,A82,FQ0835_p01!K$6:K$30,5) -> 0 | G82: =COUNTIFS(FQ0835_p01!C$6:C$30,A82,FQ0835_p01!K$6:K$30,6) -> 0 | H82: =COUNTIFS(FQ0835_p01!C$6:C$30,A82,FQ0835_p01!K$6:K$30,7) -> 0 | I82: =COUNTIFS(FQ0835_p01!C$6:C$30,A82,FQ0835_p01!K$6:K$30,8) -> 0 | J82: =COUNTIFS(FQ0835_p01!C$6:C$30,A82,FQ0835_p01!K$6:K$30,9) -> 0 | K82: =COUNTIFS(FQ0835_p01!C$6:C$30,A82,FQ0835_p01!K$6:K$30,10) -> 0 | L82: =COUNTIFS(FQ0835_p01!C$6:C$30,A82,FQ0835_p01!K$6:K$30,11) -> 0 | M82: =COUNTIFS(FQ0835_p01!C$6:C$30,A82,FQ0835_p01!K$6:K$30,12) -> 0 | N82: =SUM(B82:M82) -> 0
A83: Cereal Chocotec | B83: =COUNTIFS(FQ0835_p01!C$6:C$30,A83,FQ0835_p01!K$6:K$30,1) -> 0 | C83: =COUNTIFS(FQ0835_p01!C$6:C$30,A83,FQ0835_p01!K$6:K$30,2) -> 0 | D83: =COUNTIFS(FQ0835_p01!C$6:C$30,A83,FQ0835_p01!K$6:K$30,3) -> 0 | E83: =COUNTIFS(FQ0835_p01!C$6:C$30,A83,FQ0835_p01!K$6:K$30,4) -> 0 | F83: =COUNTIFS(FQ0835_p01!C$6:C$30,A83,FQ0835_p01!K$6:K$30,5) -> 0 | G83: =COUNTIFS(FQ0835_p01!C$6:C$30,A83,FQ0835_p01!K$6:K$30,6) -> 0 | H83: =COUNTIFS(FQ0835_p01!C$6:C$30,A83,FQ0835_p01!K$6:K$30,7) -> 0 | I83: =COUNTIFS(FQ0835_p01!C$6:C$30,A83,FQ0835_p01!K$6:K$30,8) -> 0 | J83: =COUNTIFS(FQ0835_p01!C$6:C$30,A83,FQ0835_p01!K$6:K$30,9) -> 0 | K83: =COUNTIFS(FQ0835_p01!C$6:C$30,A83,FQ0835_p01!K$6:K$30,10) -> 0 | L83: =COUNTIFS(FQ0835_p01!C$6:C$30,A83,FQ0835_p01!K$6:K$30,11) -> 0 | M83: =COUNTIFS(FQ0835_p01!C$6:C$30,A83,FQ0835_p01!K$6:K$30,12) -> 0 | N83: =SUM(B83:M83) -> 0
A84: Cetea | B84: =COUNTIFS(FQ0835_p01!C$6:C$30,A84,FQ0835_p01!K$6:K$30,1) -> 0 | C84: =COUNTIFS(FQ0835_p01!C$6:C$30,A84,FQ0835_p01!K$6:K$30,2) -> 0 | D84: =COUNTIFS(FQ0835_p01!C$6:C$30,A84,FQ0835_p01!K$6:K$30,3) -> 0 | E84: =COUNTIFS(FQ0835_p01!C$6:C$30,A84,FQ0835_p01!K$6:K$30,4) -> 0 | F84: =COUNTIFS(FQ0835_p01!C$6:C$30,A84,FQ0835_p01!K$6:K$30,5) -> 0 | G84: =COUNTIFS(FQ0835_p01!C$6:C$30,A84,FQ0835_p01!K$6:K$30,6) -> 0 | H84: =COUNTIFS(FQ0835_p01!C$6:C$30,A84,FQ0835_p01!K$6:K$30,7) -> 0 | I84: =COUNTIFS(FQ0835_p01!C$6:C$30,A84,FQ0835_p01!K$6:K$30,8) -> 0 | J84: =COUNTIFS(FQ0835_p01!C$6:C$30,A84,FQ0835_p01!K$6:K$30,9) -> 0 | K84: =COUNTIFS(FQ0835_p01!C$6:C$30,A84,FQ0835_p01!K$6:K$30,10) -> 0 | L84: =COUNTIFS(FQ0835_p01!C$6:C$30,A84,FQ0835_p01!K$6:K$30,11) -> 0 | M84: =COUNTIFS(FQ0835_p01!C$6:C$30,A84,FQ0835_p01!K$6:K$30,12) -> 0 | N84: =SUM(B84:M84) -> 0
A85: CTC | B85: =COUNTIFS(FQ0835_p01!C$6:C$30,A85,FQ0835_p01!K$6:K$30,1) -> 0 | C85: =COUNTIFS(FQ0835_p01!C$6:C$30,A85,FQ0835_p01!K$6:K$30,2) -> 0 | D85: =COUNTIFS(FQ0835_p01!C$6:C$30,A85,FQ0835_p01!K$6:K$30,3) -> 0 | E85: =COUNTIFS(FQ0835_p01!C$6:C$30,A85,FQ0835_p01!K$6:K$30,4) -> 0 | F85: =COUNTIFS(FQ0835_p01!C$6:C$30,A85,FQ0835_p01!K$6:K$30,5) -> 0 | G85: =COUNTIFS(FQ0835_p01!C$6:C$30,A85,FQ0835_p01!K$6:K$30,6) -> 0 | H85: =COUNTIFS(FQ0835_p01!C$6:C$30,A85,FQ0835_p01!K$6:K$30,7) -> 0 | I85: =COUNTIFS(FQ0835_p01!C$6:C$30,A85,FQ0835_p01!K$6:K$30,8) -> 0 | J85: =COUNTIFS(FQ0835_p01!C$6:C$30,A85,FQ0835_p01!K$6:K$30,9) -> 0 | K85: =COUNTIFS(FQ0835_p01!C$6:C$30,A85,FQ0835_p01!K$6:K$30,10) -> 0 | L85: =COUNTIFS(FQ0835_p01!C$6:C$30,A85,FQ0835_p01!K$6:K$30,11) -> 0 | M85: =COUNTIFS(FQ0835_p01!C$6:C$30,A85,FQ0835_p01!K$6:K$30,12) -> 0 | N85: =SUM(B85:M85) -> 0
A86: DG | B86: =COUNTIFS(FQ0835_p01!C$6:C$30,A86,FQ0835_p01!K$6:K$30,1) -> 0 | C86: =COUNTIFS(FQ0835_p01!C$6:C$30,A86,FQ0835_p01!K$6:K$30,2) -> 0 | D86: =COUNTIFS(FQ0835_p01!C$6:C$30,A86,FQ0835_p01!K$6:K$30,3) -> 0 | E86: =COUNTIFS(FQ0835_p01!C$6:C$30,A86,FQ0835_p01!K$6:K$30,4) -> 0 | F86: =COUNTIFS(FQ0835_p01!C$6:C$30,A86,FQ0835_p01!K$6:K$30,5) -> 0 | G86: =COUNTIFS(FQ0835_p01!C$6:C$30,A86,FQ0835_p01!K$6:K$30,6) -> 0 | H86: =COUNTIFS(FQ0835_p01!C$6:C$30,A86,FQ0835_p01!K$6:K$30,7) -> 0 | I86: =COUNTIFS(FQ0835_p01!C$6:C$30,A86,FQ0835_p01!K$6:K$30,8) -> 0 | J86: =COUNTIFS(FQ0835_p01!C$6:C$30,A86,FQ0835_p01!K$6:K$30,9) -> 0 | K86: =COUNTIFS(FQ0835_p01!C$6:C$30,A86,FQ0835_p01!K$6:K$30,10) -> 0 | L86: =COUNTIFS(FQ0835_p01!C$6:C$30,A86,FQ0835_p01!K$6:K$30,11) -> 0 | M86: =COUNTIFS(FQ0835_p01!C$6:C$30,A86,FQ0835_p01!K$6:K$30,12) -> 0 | N86: =SUM(B86:M86) -> 0
A87: Fruthotec | B87: =COUNTIFS(FQ0835_p01!C$6:C$30,A87,FQ0835_p01!K$6:K$30,1) -> 0 | C87: =COUNTIFS(FQ0835_p01!C$6:C$30,A87,FQ0835_p01!K$6:K$30,2) -> 0 | D87: =COUNTIFS(FQ0835_p01!C$6:C$30,A87,FQ0835_p01!K$6:K$30,3) -> 0 | E87: =COUNTIFS(FQ0835_p01!C$6:C$30,A87,FQ0835_p01!K$6:K$30,4) -> 0 | F87: =COUNTIFS(FQ0835_p01!C$6:C$30,A87,FQ0835_p01!K$6:K$30,5) -> 0 | G87: =COUNTIFS(FQ0835_p01!C$6:C$30,A87,FQ0835_p01!K$6:K$30,6) -> 0 | H87: =COUNTIFS(FQ0835_p01!C$6:C$30,A87,FQ0835_p01!K$6:K$30,7) -> 0 | I87: =COUNTIFS(FQ0835_p01!C$6:C$30,A87,FQ0835_p01!K$6:K$30,8) -> 0 | J87: =COUNTIFS(FQ0835_p01!C$6:C$30,A87,FQ0835_p01!K$6:K$30,9) -> 0 | K87: =COUNTIFS(FQ0835_p01!C$6:C$30,A87,FQ0835_p01!K$6:K$30,10) -> 0 | L87: =COUNTIFS(FQ0835_p01!C$6:C$30,A87,FQ0835_p01!K$6:K$30,11) -> 0 | M87: =COUNTIFS(FQ0835_p01!C$6:C$30,A87,FQ0835_p01!K$6:K$30,12) -> 0 | N87: =SUM(B87:M87) -> 0
A88: Tecnolat | B88: =COUNTIFS(FQ0835_p01!C$6:C$30,A88,FQ0835_p01!K$6:K$30,1) -> 0 | C88: =COUNTIFS(FQ0835_p01!C$6:C$30,A88,FQ0835_p01!K$6:K$30,2) -> 0 | D88: =COUNTIFS(FQ0835_p01!C$6:C$30,A88,FQ0835_p01!K$6:K$30,3) -> 0 | E88: =COUNTIFS(FQ0835_p01!C$6:C$30,A88,FQ0835_p01!K$6:K$30,4) -> 0 | F88: =COUNTIFS(FQ0835_p01!C$6:C$30,A88,FQ0835_p01!K$6:K$30,5) -> 0 | G88: =COUNTIFS(FQ0835_p01!C$6:C$30,A88,FQ0835_p01!K$6:K$30,6) -> 0 | H88: =COUNTIFS(FQ0835_p01!C$6:C$30,A88,FQ0835_p01!K$6:K$30,7) -> 0 | I88: =COUNTIFS(FQ0835_p01!C$6:C$30,A88,FQ0835_p01!K$6:K$30,8) -> 0 | J88: =COUNTIFS(FQ0835_p01!C$6:C$30,A88,FQ0835_p01!K$6:K$30,9) -> 0 | K88: =COUNTIFS(FQ0835_p01!C$6:C$30,A88,FQ0835_p01!K$6:K$30,10) -> 0 | L88: =COUNTIFS(FQ0835_p01!C$6:C$30,A88,FQ0835_p01!K$6:K$30,11) -> 0 | M88: =COUNTIFS(FQ0835_p01!C$6:C$30,A88,FQ0835_p01!K$6:K$30,12) -> 0 | N88: =SUM(B88:M88) -> 0
A89: Total | B89: =SUM(B82:B88) -> 0 | C89: =SUM(C82:C88) -> 0 | D89: =SUM(D82:D88) -> 0 | E89: =SUM(E82:E88) -> 0 | F89: =SUM(F82:F88) -> 0 | G89: =SUM(G82:G88) -> 0 | H89: =SUM(H82:H88) -> 0 | I89: =SUM(I82:I88) -> 0 | ... M89: =SUM(M82:M88) -> 0 | N89: =SUM(B89:M89) -> 0
A90: Fundepag | B90: =COUNTIFS(FQ0835_p01!C$6:C$30,A90,FQ0835_p01!K$6:K$30,1) -> 0 | C90: =COUNTIFS(FQ0835_p01!C$6:C$30,A90,FQ0835_p01!K$6:K$30,2) -> 0 | D90: =COUNTIFS(FQ0835_p01!C$6:C$30,A90,FQ0835_p01!K$6:K$30,3) -> 0 | E90: =COUNTIFS(FQ0835_p01!C$6:C$30,A90,FQ0835_p01!K$6:K$30,4) -> 0 | F90: =COUNTIFS(FQ0835_p01!C$6:C$30,A90,FQ0835_p01!K$6:K$30,5) -> 0 | G90: =COUNTIFS(FQ0835_p01!C$6:C$30,A90,FQ0835_p01!K$6:K$30,6) -> 0 | H90: =COUNTIFS(FQ0835_p01!C$6:C$30,A90,FQ0835_p01!K$6:K$30,7) -> 0 | I90: =COUNTIFS(FQ0835_p01!C$6:C$30,A90,FQ0835_p01!K$6:K$30,8) -> 0 | J90: =COUNTIFS(FQ0835_p01!C$6:C$30,A90,FQ0835_p01!K$6:K$30,9) -> 0 | K90: =COUNTIFS(FQ0835_p01!C$6:C$30,A90,FQ0835_p01!K$6:K$30,10) -> 0 | L90: =COUNTIFS(FQ0835_p01!C$6:C$30,A90,FQ0835_p01!K$6:K$30,11) -> 0 | M90: =COUNTIFS(FQ0835_p01!C$6:C$30,A90,FQ0835_p01!K$6:K$30,12) -> 0 | N90: =SUM(B90:M90) -> 0
A92: 3. Por Unidade (total de ocorrências por mês - ALTO IMPACTO)
A94: Unidade | B94: MÊS
B95: JAN | C95: FEV | D95: MAR | E95: ABR | F95: MAI | G95: JUN | H95: JUL | I95: AGO | J95: SET | K95: OUT | L95: NOV | M95: DEZ | N95: Total
A96: CCQA | B96: =COUNTIFS(FQ0835_p01!C$6:C$30,A96,FQ0835_p01!K$6:K$30,1,FQ0835_p01!M$6:M$30,"Sim") -> 0 | C96: =COUNTIFS(FQ0835_p01!C$6:C$30,A96,FQ0835_p01!K$6:K$30,2,FQ0835_p01!M$6:M$30,"Sim") -> 0 | D96: =COUNTIFS(FQ0835_p01!C$6:C$30,A96,FQ0835_p01!K$6:K$30,3,FQ0835_p01!M$6:M$30,"Sim") -> 0 | E96: =COUNTIFS(FQ0835_p01!C$6:C$30,A96,FQ0835_p01!K$6:K$30,4,FQ0835_p01!M$6:M$30,"Sim") -> 0 | F96: =COUNTIFS(FQ0835_p01!C$6:C$30,A96,FQ0835_p01!K$6:K$30,5,FQ0835_p01!M$6:M$30,"Sim") -> 0 | G96: =COUNTIFS(FQ0835_p01!C$6:C$30,A96,FQ0835_p01!K$6:K$30,6,FQ0835_p01!M$6:M$30,"Sim") -> 0 | H96: =COUNTIFS(FQ0835_p01!C$6:C$30,A96,FQ0835_p01!K$6:K$30,7,FQ0835_p01!M$6:M$30,"Sim") -> 0 | I96: =COUNTIFS(FQ0835_p01!C$6:C$30,A96,FQ0835_p01!K$6:K$30,8,FQ0835_p01!M$6:M$30,"Sim") -> 0 | J96: =COUNTIFS(FQ0835_p01!C$6:C$30,A96,FQ0835_p01!K$6:K$30,9,FQ0835_p01!M$6:M$30,"Sim") -> 0 | K96: =COUNTIFS(FQ0835_p01!C$6:C$30,A96,FQ0835_p01!K$6:K$30,10,FQ0835_p01!M$6:M$30,"Sim") -> 0 | L96: =COUNTIFS(FQ0835_p01!C$6:C$30,A96,FQ0835_p01!K$6:K$30,11,FQ0835_p01!M$6:M$30,"Sim") -> 0 | M96: =COUNTIFS(FQ0835_p01!C$6:C$30,A96,FQ0835_p01!K$6:K$30,12,FQ0835_p01!M$6:M$30,"Sim") -> 0 | N96: =SUM(B96:M96) -> 0
A97: Cereal Chocotec | B97: =COUNTIFS(FQ0835_p01!C$6:C$30,A97,FQ0835_p01!K$6:K$30,1,FQ0835_p01!M$6:M$30,"Sim") -> 0 | C97: =COUNTIFS(FQ0835_p01!C$6:C$30,A97,FQ0835_p01!K$6:K$30,2,FQ0835_p01!M$6:M$30,"Sim") -> 0 | D97: =COUNTIFS(FQ0835_p01!C$6:C$30,A97,FQ0835_p01!K$6:K$30,3,FQ0835_p01!M$6:M$30,"Sim") -> 0 | E97: =COUNTIFS(FQ0835_p01!C$6:C$30,A97,FQ0835_p01!K$6:K$30,4,FQ0835_p01!M$6:M$30,"Sim") -> 0 | F97: =COUNTIFS(FQ0835_p01!C$6:C$30,A97,FQ0835_p01!K$6:K$30,5,FQ0835_p01!M$6:M$30,"Sim") -> 0 | G97: =COUNTIFS(FQ0835_p01!C$6:C$30,A97,FQ0835_p01!K$6:K$30,6,FQ0835_p01!M$6:M$30,"Sim") -> 0 | H97: =COUNTIFS(FQ0835_p01!C$6:C$30,A97,FQ0835_p01!K$6:K$30,7,FQ0835_p01!M$6:M$30,"Sim") -> 0 | I97: =COUNTIFS(FQ0835_p01!C$6:C$30,A97,FQ0835_p01!K$6:K$30,8,FQ0835_p01!M$6:M$30,"Sim") -> 0 | J97: =COUNTIFS(FQ0835_p01!C$6:C$30,A97,FQ0835_p01!K$6:K$30,9,FQ0835_p01!M$6:M$30,"Sim") -> 0 | K97: =COUNTIFS(FQ0835_p01!C$6:C$30,A97,FQ0835_p01!K$6:K$30,10,FQ0835_p01!M$6:M$30,"Sim") -> 0 | L97: =COUNTIFS(FQ0835_p01!C$6:C$30,A97,FQ0835_p01!K$6:K$30,11,FQ0835_p01!M$6:M$30,"Sim") -> 0 | M97: =COUNTIFS(FQ0835_p01!C$6:C$30,A97,FQ0835_p01!K$6:K$30,12,FQ0835_p01!M$6:M$30,"Sim") -> 0 | N97: =SUM(B97:M97) -> 0
A98: Cetea | B98: =COUNTIFS(FQ0835_p01!C$6:C$30,A98,FQ0835_p01!K$6:K$30,1,FQ0835_p01!M$6:M$30,"Sim") -> 0 | C98: =COUNTIFS(FQ0835_p01!C$6:C$30,A98,FQ0835_p01!K$6:K$30,2) -> 0 | D98: =COUNTIFS(FQ0835_p01!C$6:C$30,A98,FQ0835_p01!K$6:K$30,3,FQ0835_p01!M$6:M$30,"Sim") -> 0 | E98: =COUNTIFS(FQ0835_p01!C$6:C$30,A98,FQ0835_p01!K$6:K$30,4,FQ0835_p01!M$6:M$30,"Sim") -> 0 | F98: =COUNTIFS(FQ0835_p01!C$6:C$30,A98,FQ0835_p01!K$6:K$30,5,FQ0835_p01!M$6:M$30,"Sim") -> 0 | G98: =COUNTIFS(FQ0835_p01!C$6:C$30,A98,FQ0835_p01!K$6:K$30,6,FQ0835_p01!M$6:M$30,"Sim") -> 0 | H98: =COUNTIFS(FQ0835_p01!C$6:C$30,A98,FQ0835_p01!K$6:K$30,7,FQ0835_p01!M$6:M$30,"Sim") -> 0 | I98: =COUNTIFS(FQ0835_p01!C$6:C$30,A98,FQ0835_p01!K$6:K$30,8,FQ0835_p01!M$6:M$30,"Sim") -> 0 | J98: =COUNTIFS(FQ0835_p01!C$6:C$30,A98,FQ0835_p01!K$6:K$30,9,FQ0835_p01!M$6:M$30,"Sim") -> 0 | K98: =COUNTIFS(FQ0835_p01!C$6:C$30,A98,FQ0835_p01!K$6:K$30,10,FQ0835_p01!M$6:M$30,"Sim") -> 0 | L98: =COUNTIFS(FQ0835_p01!C$6:C$30,A98,FQ0835_p01!K$6:K$30,11,FQ0835_p01!M$6:M$30,"Sim") -> 0 | M98: =COUNTIFS(FQ0835_p01!C$6:C$30,A98,FQ0835_p01!K$6:K$30,12,FQ0835_p01!M$6:M$30,"Sim") -> 0 | N98: =SUM(B98:M98) -> 0
A99: CTC | B99: =COUNTIFS(FQ0835_p01!C$6:C$30,A99,FQ0835_p01!K$6:K$30,1,FQ0835_p01!M$6:M$30,"Sim") -> 0 | C99: =COUNTIFS(FQ0835_p01!C$6:C$30,A99,FQ0835_p01!K$6:K$30,2,FQ0835_p01!M$6:M$30,"Sim") -> 0 | D99: =COUNTIFS(FQ0835_p01!C$6:C$30,A99,FQ0835_p01!K$6:K$30,3,FQ0835_p01!M$6:M$30,"Sim") -> 0 | E99: =COUNTIFS(FQ0835_p01!C$6:C$30,A99,FQ0835_p01!K$6:K$30,4,FQ0835_p01!M$6:M$30,"Sim") -> 0 | F99: =COUNTIFS(FQ0835_p01!C$6:C$30,A99,FQ0835_p01!K$6:K$30,5,FQ0835_p01!M$6:M$30,"Sim") -> 0 | G99: =COUNTIFS(FQ0835_p01!C$6:C$30,A99,FQ0835_p01!K$6:K$30,6,FQ0835_p01!M$6:M$30,"Sim") -> 0 | H99: =COUNTIFS(FQ0835_p01!C$6:C$30,A99,FQ0835_p01!K$6:K$30,7,FQ0835_p01!M$6:M$30,"Sim") -> 0 | I99: =COUNTIFS(FQ0835_p01!C$6:C$30,A99,FQ0835_p01!K$6:K$30,8,FQ0835_p01!M$6:M$30,"Sim") -> 0 | J99: =COUNTIFS(FQ0835_p01!C$6:C$30,A99,FQ0835_p01!K$6:K$30,9,FQ0835_p01!M$6:M$30,"Sim") -> 0 | K99: =COUNTIFS(FQ0835_p01!C$6:C$30,A99,FQ0835_p01!K$6:K$30,10,FQ0835_p01!M$6:M$30,"Sim") -> 0 | L99: =COUNTIFS(FQ0835_p01!C$6:C$30,A99,FQ0835_p01!K$6:K$30,11,FQ0835_p01!M$6:M$30,"Sim") -> 0 | M99: =COUNTIFS(FQ0835_p01!C$6:C$30,A99,FQ0835_p01!K$6:K$30,12,FQ0835_p01!M$6:M$30,"Sim") -> 0 | N99: =SUM(B99:M99) -> 0
A100: DG | B100: =COUNTIFS(FQ0835_p01!C$6:C$30,A100,FQ0835_p01!K$6:K$30,1,FQ0835_p01!M$6:M$30,"Sim") -> 0 | C100: =COUNTIFS(FQ0835_p01!C$6:C$30,A100,FQ0835_p01!K$6:K$30,2,FQ0835_p01!M$6:M$30,"Sim") -> 0 | D100: =COUNTIFS(FQ0835_p01!C$6:C$30,A100,FQ0835_p01!K$6:K$30,3,FQ0835_p01!M$6:M$30,"Sim") -> 0 | E100: =COUNTIFS(FQ0835_p01!C$6:C$30,A100,FQ0835_p01!K$6:K$30,4,FQ0835_p01!M$6:M$30,"Sim") -> 0 | F100: =COUNTIFS(FQ0835_p01!C$6:C$30,A100,FQ0835_p01!K$6:K$30,5,FQ0835_p01!M$6:M$30,"Sim") -> 0 | G100: =COUNTIFS(FQ0835_p01!C$6:C$30,A100,FQ0835_p01!K$6:K$30,6,FQ0835_p01!M$6:M$30,"Sim") -> 0 | H100: =COUNTIFS(FQ0835_p01!C$6:C$30,A100,FQ0835_p01!K$6:K$30,7,FQ0835_p01!M$6:M$30,"Sim") -> 0 | I100: =COUNTIFS(FQ0835_p01!C$6:C$30,A100,FQ0835_p01!K$6:K$30,8,FQ0835_p01!M$6:M$30,"Sim") -> 0 | J100: =COUNTIFS(FQ0835_p01!C$6:C$30,A100,FQ0835_p01!K$6:K$30,9,FQ0835_p01!M$6:M$30,"Sim") -> 0 | K100: =COUNTIFS(FQ0835_p01!C$6:C$30,A100,FQ0835_p01!K$6:K$30,10,FQ0835_p01!M$6:M$30,"Sim") -> 0 | L100: =COUNTIFS(FQ0835_p01!C$6:C$30,A100,FQ0835_p01!K$6:K$30,11,FQ0835_p01!M$6:M$30,"Sim") -> 0 | M100: =COUNTIFS(FQ0835_p01!C$6:C$30,A100,FQ0835_p01!K$6:K$30,12,FQ0835_p01!M$6:M$30,"Sim") -> 0 | N100: =SUM(B100:M100) -> 0
A101: Fruthotec | B101: =COUNTIFS(FQ0835_p01!C$6:C$30,A101,FQ0835_p01!K$6:K$30,1,FQ0835_p01!M$6:M$30,"Sim") -> 0 | C101: =COUNTIFS(FQ0835_p01!C$6:C$30,A101,FQ0835_p01!K$6:K$30,2,FQ0835_p01!M$6:M$30,"Sim") -> 0 | D101: =COUNTIFS(FQ0835_p01!C$6:C$30,A101,FQ0835_p01!K$6:K$30,3,FQ0835_p01!M$6:M$30,"Sim") -> 0 | E101: =COUNTIFS(FQ0835_p01!C$6:C$30,A101,FQ0835_p01!K$6:K$30,4,FQ0835_p01!M$6:M$30,"Sim") -> 0 | F101: =COUNTIFS(FQ0835_p01!C$6:C$30,A101,FQ0835_p01!K$6:K$30,5,FQ0835_p01!M$6:M$30,"Sim") -> 0 | G101: =COUNTIFS(FQ0835_p01!C$6:C$30,A101,FQ0835_p01!K$6:K$30,6,FQ0835_p01!M$6:M$30,"Sim") -> 0 | H101: =COUNTIFS(FQ0835_p01!C$6:C$30,A101,FQ0835_p01!K$6:K$30,7,FQ0835_p01!M$6:M$30,"Sim") -> 0 | I101: =COUNTIFS(FQ0835_p01!C$6:C$30,A101,FQ0835_p01!K$6:K$30,8,FQ0835_p01!M$6:M$30,"Sim") -> 0 | J101: =COUNTIFS(FQ0835_p01!C$6:C$30,A101,FQ0835_p01!K$6:K$30,9,FQ0835_p01!M$6:M$30,"Sim") -> 0 | K101: =COUNTIFS(FQ0835_p01!C$6:C$30,A101,FQ0835_p01!K$6:K$30,10,FQ0835_p01!M$6:M$30,"Sim") -> 0 | L101: =COUNTIFS(FQ0835_p01!C$6:C$30,A101,FQ0835_p01!K$6:K$30,11,FQ0835_p01!M$6:M$30,"Sim") -> 0 | M101: =COUNTIFS(FQ0835_p01!C$6:C$30,A101,FQ0835_p01!K$6:K$30,12,FQ0835_p01!M$6:M$30,"Sim") -> 0 | N101: =SUM(B101:M101) -> 0
A102: Tecnolat | B102: =COUNTIFS(FQ0835_p01!C$6:C$30,A102,FQ0835_p01!K$6:K$30,1) -> 0 | C102: =COUNTIFS(FQ0835_p01!C$6:C$30,A102,FQ0835_p01!K$6:K$30,2,FQ0835_p01!M$6:M$30,"Sim") -> 0 | D102: =COUNTIFS(FQ0835_p01!C$6:C$30,A102,FQ0835_p01!K$6:K$30,3,FQ0835_p01!M$6:M$30,"Sim") -> 0 | E102: =COUNTIFS(FQ0835_p01!C$6:C$30,A102,FQ0835_p01!K$6:K$30,4,FQ0835_p01!M$6:M$30,"Sim") -> 0 | F102: =COUNTIFS(FQ0835_p01!C$6:C$30,A102,FQ0835_p01!K$6:K$30,5,FQ0835_p01!M$6:M$30,"Sim") -> 0 | G102: =COUNTIFS(FQ0835_p01!C$6:C$30,A102,FQ0835_p01!K$6:K$30,6,FQ0835_p01!M$6:M$30,"Sim") -> 0 | H102: =COUNTIFS(FQ0835_p01!C$6:C$30,A102,FQ0835_p01!K$6:K$30,7,FQ0835_p01!M$6:M$30,"Sim") -> 0 | I102: =COUNTIFS(FQ0835_p01!C$6:C$30,A102,FQ0835_p01!K$6:K$30,8,FQ0835_p01!M$6:M$30,"Sim") -> 0 | J102: =COUNTIFS(FQ0835_p01!C$6:C$30,A102,FQ0835_p01!K$6:K$30,9,FQ0835_p01!M$6:M$30,"Sim") -> 0 | K102: =COUNTIFS(FQ0835_p01!C$6:C$30,A102,FQ0835_p01!K$6:K$30,10,FQ0835_p01!M$6:M$30,"Sim") -> 0 | L102: =COUNTIFS(FQ0835_p01!C$6:C$30,A102,FQ0835_p01!K$6:K$30,11,FQ0835_p01!M$6:M$30,"Sim") -> 0 | M102: =COUNTIFS(FQ0835_p01!C$6:C$30,A102,FQ0835_p01!K$6:K$30,12,FQ0835_p01!M$6:M$30,"Sim") -> 0 | N102: =SUM(B102:M102) -> 0
A103: Total | B103: =SUM(B96:B102) -> 0 | C103: =SUM(C96:C102) -> 0 | D103: =SUM(D96:D102) -> 0 | E103: =SUM(E96:E102) -> 0 | F103: =SUM(F96:F102) -> 0 | G103: =SUM(G96:G102) -> 0 | H103: =SUM(H96:H102) -> 0 | I103: =SUM(I96:I102) -> 0 | ... M103: =SUM(M96:M102) -> 0 | N103: =SUM(B103:M103) -> 0
A104: Fundepag | B104: =COUNTIFS(FQ0835_p01!C$6:C$30,A104,FQ0835_p01!K$6:K$30,1) -> 0 | C104: =COUNTIFS(FQ0835_p01!C$6:C$30,A104,FQ0835_p01!K$6:K$30,2) -> 0 | D104: =COUNTIFS(FQ0835_p01!C$6:C$30,A104,FQ0835_p01!K$6:K$30,3) -> 0 | E104: =COUNTIFS(FQ0835_p01!C$6:C$30,A104,FQ0835_p01!K$6:K$30,4) -> 0 | F104: =COUNTIFS(FQ0835_p01!C$6:C$30,A104,FQ0835_p01!K$6:K$30,5) -> 0 | G104: =COUNTIFS(FQ0835_p01!C$6:C$30,A104,FQ0835_p01!K$6:K$30,6) -> 0 | H104: =COUNTIFS(FQ0835_p01!C$6:C$30,A104,FQ0835_p01!K$6:K$30,7) -> 0 | I104: =COUNTIFS(FQ0835_p01!C$6:C$30,A104,FQ0835_p01!K$6:K$30,8) -> 0 | J104: =COUNTIFS(FQ0835_p01!C$6:C$30,A104,FQ0835_p01!K$6:K$30,9) -> 0 | K104: =COUNTIFS(FQ0835_p01!C$6:C$30,A104,FQ0835_p01!K$6:K$30,10) -> 0 | L104: =COUNTIFS(FQ0835_p01!C$6:C$30,A104,FQ0835_p01!K$6:K$30,11) -> 0 | M104: =COUNTIFS(FQ0835_p01!C$6:C$30,A104,FQ0835_p01!K$6:K$30,12) -> 0 | N104: =SUM(B104:M104) -> 0
A106: 4. Indicadores e dados relacionados
A107: Tipo | B107: MÊS
B108: JAN | C108: FEV | D108: MAR | E108: ABR | F108: MAI | G108: JUN | H108: JUL | I108: AGO | J108: SET | K108: OUT | L108: NOV | M108: DEZ | N108: Total
A109: I52 | B109: =B11 -> 0 | C109: =C11 -> 0 | D109: =D11 -> 0 | E109: =E11 -> 0 | F109: =F11 -> 0 | G109: =G11 -> 0 | H109: =H11 -> 0 | I109: =I11 -> 0 | ... M109: =M11 -> 0 | N109: =SUM(B109:M109) -> 0
A110: D71 | B110: =IFERROR(B28,"-") -> 0 | C110: =IFERROR(C28,"-") -> 0 | D110: =IFERROR(D28,"-") -> 0 | E110: =IFERROR(E28,"-") -> 0 | F110: =IFERROR(F28,"-") -> 0 | G110: =IFERROR(G28,"-") -> 0 | H110: =IFERROR(H28,"-") -> 0 | I110: =IFERROR(I28,"-") -> 0 | ... M110: =IFERROR(M28,"-") -> 0 | N110: =SUM(B110:M110) -> 0
A111: FQ-08.35 (anexo à IT-08.01.04) - RA - revisão 05 de 02/01/24 - Página 2/2
