Workbook

Sheet CCQA
A1: REGISTRO DE SATISFAÇÃO DOS ESTAGIÁRIOS
A2: (ANO)
A4: CCQA
A6: 1. Registros das respostas
A8: Nº | B8: Duração do estágio | C8: O atendimento recebido no RH | D8: A orientação recebida durante a realização do estágio | E8: O cumprimento do plano de estágio estabelecido inicialmente | F8: O conhecimento e experiência adquiridos | G8: Sua satisfação geral do estágio realizado no Ital | H8: Você indicaria o Ital para um colega realizar estágio? | I8: Você recomendaria empresas a contratar os serviços do Ital? | J8: Comentários
B76: Total de respostas | C76: =COUNTA(C9:C75) -> 0 | D76: =COUNTA(D9:D75) -> 0 | E76: =COUNTA(E9:E75) -> 0 | F76: =COUNTA(F9:F75) -> 0 | G76: =COUNTA(G9:G75) -> 0 | H76: =COUNTA(H9:H75) -> 0 | I76: =COUNTA(I9:I75) -> 0
B77: Nº Respostas satisfeitas | C77: =COUNTIF(C9:C75,">3") -> 0 | D77: =COUNTIF(D9:D75,">3") -> 0 | E77: =COUNTIF(E9:E75,">3") -> 0 | F77: =COUNTIF(F9:F75,">3") -> 0 | G77: =COUNTIF(G9:G75,">3") -> 0 | H77: =COUNTIF(H9:H75,"Sim") -> 0 | I77: =COUNTIF(I9:I75,"Sim") -> 0
B78: Nº Respostas insatisfeitas | C78: =COUNTIF(C9:C75,"<3") -> 0 | D78: =COUNTIF(D9:D75,"<3") -> 0 | E78: =COUNTIF(E9:E75,"<3") -> 0 | F78: =COUNTIF(F9:F75,"<3") -> 0 | G78: =COUNTIF(G9:G75,"<3") -> 0 | H78: =COUNTIF(H9:H75,"Não") -> 0 | I78: =COUNTIF(I9:I75,"Não") -> 0
B79: Avaliação média do item | C79: =IFERROR(AVERAGE(C9:C75),"") | D79: =IFERROR(AVERAGE(D9:D75),"") | E79: =IFERROR(AVERAGE(E9:E75),"") | F79: =IFERROR(AVERAGE(F9:F75),"") | G79: =IFERROR(AVERAGE(G9:G75),"")
B80: Satisfação Média | C80: =IFERROR(SUM(C77:G77)/SUM(C76:G76),"")
B81: Insatisfação Média | C81: =IFERROR(SUM(C78:G78)/SUM(C76:G76),"")
B82: Satisfação Geral | C82: =IFERROR(SUM(H77:I77)/SUM(H76:I76),"")
B83: Insatisfação Geral | C83: =IFERROR(SUM(H78:I78)/SUM(H76:I76),"")
A84: FQ-08.36 (anexo à IT-08.01.04) - RA - revisão 02 de 02/01/23 - Página 1/8

Sheet Cetea
A1: REGISTRO DE SATISFAÇÃO DOS ESTAGIÁRIOS
A2: =CCQA!$A$2 -> (ANO)
A4: Cetea
A6: 1. Registros das respostas
A8: Nº | B8: Duração do estágio | C8: O atendimento recebido no RH | D8: A orientação recebida durante a realização do estágio | E8: O cumprimento do plano de estágio estabelecido inicialmente | F8: O conhecimento e experiência adquiridos | G8: Sua satisfação geral do estágio realizado no Ital | H8: Você indicaria o Ital para um colega realizar estágio? | I8: Você recomendaria empresas a contratar os serviços do Ital? | J8: Comentários
B76: Total de respostas | C76: =COUNTA(C9:C75) -> 0 | D76: =COUNTA(D9:D75) -> 0 | E76: =COUNTA(E9:E75) -> 0 | F76: =COUNTA(F9:F75) -> 0 | G76: =COUNTA(G9:G75) -> 0 | H76: =COUNTA(H9:H75) -> 0 | I76: =COUNTA(I9:I75) -> 0
B77: Nº Respostas satisfeitas | C77: =COUNTIF(C9:C75,">3") -> 0 | D77: =COUNTIF(D9:D75,">3") -> 0 | E77: =COUNTIF(E9:E75,">3") -> 0 | F77: =COUNTIF(F9:F75,">3") -> 0 | G77: =COUNTIF(G9:G75,">3") -> 0 | H77: =COUNTIF(H9:H75,"Sim") -> 0 | I77: =COUNTIF(I9:I75,"Sim") -> 0
B78: Nº Respostas insatisfeitas | C78: =COUNTIF(C9:C75,"<3") -> 0 | D78: =COUNTIF(D9:D75,"<3") -> 0 | E78: =COUNTIF(E9:E75,"<3") -> 0 | F78: =COUNTIF(F9:F75,"<3") -> 0 | G78: =COUNTIF(G9:G75,"<3") -> 0 | H78: =COUNTIF(H9:H75,"Não") -> 0 | I78: =COUNTIF(I9:I75,"Não") -> 0
B79: Avaliação média do item | C79: =IFERROR(AVERAGE(C9:C75),"") | D79: =IFERROR(AVERAGE(D9:D75),"") | E79: =IFERROR(AVERAGE(E9:E75),"") | F79: =IFERROR(AVERAGE(F9:F75),"") | G79: =IFERROR(AVERAGE(G9:G75),"")
B80: Satisfação Média | C80: =IFERROR(SUM(C77:G77)/SUM(C76:G76),"")
B81: Insatisfação Média | C81: =IFERROR(SUM(C78:G78)/SUM(C76:G76),"")
B82: Satisfação Geral | C82: =IFERROR(SUM(H77:I77)/SUM(H76:I76),"")
B83: Insatisfação Geral | C83: =IFERROR(SUM(H78:I78)/SUM(H76:I76),"")
A84: FQ-08.36 (anexo à IT-08.01.04) - RA - revisão 02 de 02/01/23 - Página 2/8

Sheet Tecnolat
A1: REGISTRO DE SATISFAÇÃO DOS ESTAGIÁRIOS
A2: =CCQA!$A$2 -> (ANO)
A4: Tecnolat
A6: 1. Registros das respostas
A8: Nº | B8: Duração do estágio | C8: O atendimento recebido no RH | D8: A orientação recebida durante a realização do estágio | E8: O cumprimento do plano de estágio estabelecido inicialmente | F8: O conhecimento e experiência adquiridos | G8: Sua satisfação geral do estágio realizado no Ital | H8: Você indicaria o Ital para um colega realizar estágio? | I8: Você recomendaria empresas a contratar os serviços do Ital? | J8: Comentários
B76: Total de respostas | C76: =COUNTA(C9:C75) -> 0 | D76: =COUNTA(D9:D75) -> 0 | E76: =COUNTA(E9:E75) -> 0 | F76: =COUNTA(F9:F75) -> 0 | G76: =COUNTA(G9:G75) -> 0 | H76: =COUNTA(H9:H75) -> 0 | I76: =COUNTA(I9:I75) -> 0
B77: Nº Respostas satisfeitas | C77: =COUNTIF(C9:C75,">3") -> 0 | D77: =COUNTIF(D9:D75,">3") -> 0 | E77: =COUNTIF(E9:E75,">3") -> 0 | F77: =COUNTIF(F9:F75,">3") -> 0 | G77: =COUNTIF(G9:G75,">3") -> 0 | H77: =COUNTIF(H9:H75,"Sim") -> 0 | I77: =COUNTIF(I9:I75,"Sim") -> 0
B78: Nº Respostas insatisfeitas | C78: =COUNTIF(C9:C75,"<3") -> 0 | D78: =COUNTIF(D9:D75,"<3") -> 0 | E78: =COUNTIF(E9:E75,"<3") -> 0 | F78: =COUNTIF(F9:F75,"<3") -> 0 | G78: =COUNTIF(G9:G75,"<3") -> 0 | H78: =COUNTIF(H9:H75,"Não") -> 0 | I78: =COUNTIF(I9:I75,"Não") -> 0
B79: Avaliação média do item | C79: =IFERROR(AVERAGE(C9:C75),"") | D79: =IFERROR(AVERAGE(D9:D75),"") | E79: =IFERROR(AVERAGE(E9:E75),"") | F79: =IFERROR(AVERAGE(F9:F75),"") | G79: =IFERROR(AVERAGE(G9:G75),"")
B80: Satisfação Média | C80: =IFERROR(SUM(C77:G77)/SUM(C76:G76),"")
B81: Insatisfação Média | C81: =IFERROR(SUM(C78:G78)/SUM(C76:G76),"")
B82: Satisfação Geral | C82: =IFERROR(SUM(H77:I77)/SUM(H76:I76),"")
B83: Insatisfação Geral | C83: =IFERROR(SUM(H78:I78)/SUM(H76:I76),"")
A84: FQ-08.36 (anexo à IT-08.01.04) - RA - revisão 02 de 02/01/23 - Página 3/8

Sheet CTC
A1: REGISTRO DE SATISFAÇÃO DOS ESTAGIÁRIOS
A2: =CCQA!$A$2 -> (ANO)
A4: CTC
A6: 1. Registros das respostas
A8: Nº | B8: Duração do estágio | C8: O atendimento recebido no RH | D8: A orientação recebida durante a realização do estágio | E8: O cumprimento do plano de estágio estabelecido inicialmente | F8: O conhecimento e experiência adquiridos | G8: Sua satisfação geral do estágio realizado no Ital | H8: Você indicaria o Ital para um colega realizar estágio? | I8: Você recomendaria empresas a contratar os serviços do Ital? | J8: Comentários
B76: Total de respostas | C76: =COUNTA(C9:C75) -> 0 | D76: =COUNTA(D9:D75) -> 0 | E76: =COUNTA(E9:E75) -> 0 | F76: =COUNTA(F9:F75) -> 0 | G76: =COUNTA(G9:G75) -> 0 | H76: =COUNTA(H9:H75) -> 0 | I76: =COUNTA(I9:I75) -> 0
B77: Nº Respostas satisfeitas | C77: =COUNTIF(C9:C75,">3") -> 0 | D77: =COUNTIF(D9:D75,">3") -> 0 | E77: =COUNTIF(E9:E75,">3") -> 0 | F77: =COUNTIF(F9:F75,">3") -> 0 | G77: =COUNTIF(G9:G75,">3") -> 0 | H77: =COUNTIF(H9:H75,"Sim") -> 0 | I77: =COUNTIF(I9:I75,"Sim") -> 0
B78: Nº Respostas insatisfeitas | C78: =COUNTIF(C9:C75,"<3") -> 0 | D78: =COUNTIF(D9:D75,"<3") -> 0 | E78: =COUNTIF(E9:E75,"<3") -> 0 | F78: =COUNTIF(F9:F75,"<3") -> 0 | G78: =COUNTIF(G9:G75,"<3") -> 0 | H78: =COUNTIF(H9:H75,"Não") -> 0 | I78: =COUNTIF(I9:I75,"Não") -> 0
B79: Avaliação média do item | C79: =IFERROR(AVERAGE(C9:C75),"") | D79: =IFERROR(AVERAGE(D9:D75),"") | E79: =IFERROR(AVERAGE(E9:E75),"") | F79: =IFERROR(AVERAGE(F9:F75),"") | G79: =IFERROR(AVERAGE(G9:G75),"")
B80: Satisfação Média | C80: =IFERROR(SUM(C77:G77)/SUM(C76:G76),"")
B81: Insatisfação Média | C81: =IFERROR(SUM(C78:G78)/SUM(C76:G76),"")
B82: Satisfação Geral | C82: =IFERROR(SUM(H77:I77)/SUM(H76:I76),"")
B83: Insatisfação Geral | C83: =IFERROR(SUM(H78:I78)/SUM(H76:I76),"")
A84: FQ-08.36 (anexo à IT-08.01.04) - RA - revisão 02 de 02/01/23 - Página 4/8

Sheet DG
A1: REGISTRO DE SATISFAÇÃO DOS ESTAGIÁRIOS
A2: =CCQA!$A$2 -> (ANO)
A4: DG
A6: 1. Registros das respostas
A8: Nº | B8: Duração do estágio | C8: O atendimento recebido no RH | D8: A orientação recebida durante a realização do estágio | E8: O cumprimento do plano de estágio estabelecido inicialmente | F8: O conhecimento e experiência adquiridos | G8: Sua satisfação geral do estágio realizado no Ital | H8: Você indicaria o Ital para um colega realizar estágio? | I8: Você recomendaria empresas a contratar os serviços do Ital? | J8: Comentários
B76: Total de respostas | C76: =COUNTA(C9:C75) -> 0 | D76: =COUNTA(D9:D75) -> 0 | E76: =COUNTA(E9:E75) -> 0 | F76: =COUNTA(F9:F75) -> 0 | G76: =COUNTA(G9:G75) -> 0 | H76: =COUNTA(H9:H75) -> 0 | I76: =COUNTA(I9:I75) -> 0
B77: Nº Respostas satisfeitas | C77: =COUNTIF(C9:C75,">3") -> 0 | D77: =COUNTIF(D9:D75,">3") -> 0 | E77: =COUNTIF(E9:E75,">3") -> 0 | F77: =COUNTIF(F9:F75,">3") -> 0 | G77: =COUNTIF(G9:G75,">3") -> 0 | H77: =COUNTIF(H9:H75,"Sim") -> 0 | I77: =COUNTIF(I9:I75,"Sim") -> 0
B78: Nº Respostas insatisfeitas | C78: =COUNTIF(C9:C75,"<3") -> 0 | D78: =COUNTIF(D9:D75,"<3") -> 0 | E78: =COUNTIF(E9:E75,"<3") -> 0 | F78: =COUNTIF(F9:F75,"<3") -> 0 | G78: =COUNTIF(G9:G75,"<3") -> 0 | H78: =COUNTIF(H9:H75,"Não") -> 0 | I78: =COUNTIF(I9:I75,"Não") -> 0
B79: Avaliação média do item | C79: =IFERROR(AVERAGE(C9:C75),"") | D79: =IFERROR(AVERAGE(D9:D75),"") | E79: =IFERROR(AVERAGE(E9:E75),"") | F79: =IFERROR(AVERAGE(F9:F75),"") | G79: =IFERROR(AVERAGE(G9:G75),"")
B80: Satisfação Média | C80: =IFERROR(SUM(C77:G77)/SUM(C76:G76),"")
B81: Insatisfação Média | C81: =IFERROR(SUM(C78:G78)/SUM(C76:G76),"")
B82: Satisfação Geral | C82: =IFERROR(SUM(H77:I77)/SUM(H76:I76),"")
B83: Insatisfação Geral | C83: =IFERROR(SUM(H78:I78)/SUM(H76:I76),"")
A84: FQ-08.36 (anexo à IT-08.01.04) - RA - revisão 02 de 02/01/23 - Página 5/8

Sheet Fruthotec
A1: REGISTRO DE SATISFAÇÃO DOS ESTAGIÁRIOS
A2: =CCQA!$A$2 -> (ANO)
A4: Fruthotec
A6: 1. Registros das respostas
A8: Nº | B8: Duração do estágio | C8: O atendimento recebido no RH | D8: A orientação recebida durante a realização do estágio | E8: O cumprimento do plano de estágio estabelecido inicialmente | F8: O conhecimento e experiência adquiridos | G8: Sua satisfação geral do estágio realizado no Ital | H8: Você indicaria o Ital para um colega realizar estágio? | I8: Você recomendaria empresas a contratar os serviços do Ital? | J8: Comentários
B76: Total de respostas | C76: =COUNTA(C9:C75) -> 0 | D76: =COUNTA(D9:D75) -> 0 | E76: =COUNTA(E9:E75) -> 0 | F76: =COUNTA(F9:F75) -> 0 | G76: =COUNTA(G9:G75) -> 0 | H76: =COUNTA(H9:H75) -> 0 | I76: =COUNTA(I9:I75) -> 0
B77: Nº Respostas satisfeitas | C77: =COUNTIF(C9:C75,">3") -> 0 | D77: =COUNTIF(D9:D75,">3") -> 0 | E77: =COUNTIF(E9:E75,">3") -> 0 | F77: =COUNTIF(F9:F75,">3") -> 0 | G77: =COUNTIF(G9:G75,">3") -> 0 | H77: =COUNTIF(H9:H75,"Sim") -> 0 | I77: =COUNTIF(I9:I75,"Sim") -> 0
B78: Nº Respostas insatisfeitas | C78: =COUNTIF(C9:C75,"<3") -> 0 | D78: =COUNTIF(D9:D75,"<3") -> 0 | E78: =COUNTIF(E9:E75,"<3") -> 0 | F78: =COUNTIF(F9:F75,"<3") -> 0 | G78: =COUNTIF(G9:G75,"<3") -> 0 | H78: =COUNTIF(H9:H75,"Não") -> 0 | I78: =COUNTIF(I9:I75,"Não") -> 0
B79: Avaliação média do item | C79: =IFERROR(AVERAGE(C9:C75),"") | D79: =IFERROR(AVERAGE(D9:D75),"") | E79: =IFERROR(AVERAGE(E9:E75),"") | F79: =IFERROR(AVERAGE(F9:F75),"") | G79: =IFERROR(AVERAGE(G9:G75),"")
B80: Satisfação Média | C80: =IFERROR(SUM(C77:G77)/SUM(C76:G76),"")
B81: Insatisfação Média | C81: =IFERROR(SUM(C78:G78)/SUM(C76:G76),"")
B82: Satisfação Geral | C82: =IFERROR(SUM(H77:I77)/SUM(H76:I76),"")
B83: Insatisfação Geral | C83: =IFERROR(SUM(H78:I78)/SUM(H76:I76),"")
A84: FQ-08.36 (anexo à IT-08.01.04) - RA - revisão 02 de 02/01/23 - Página 6/8

Sheet Cereal Chocotec
A1: REGISTRO DE SATISFAÇÃO DOS ESTAGIÁRIOS
A2: =CCQA!$A$2 -> (ANO)
A4: CEREAL CHOCOTEC
A6: 1. Registros das respostas
A8: Nº | B8: Duração do estágio | C8: O atendimento recebido no RH | D8: A orientação recebida durante a realização do estágio | E8: O cumprimento do plano de estágio estabelecido inicialmente | F8: O conhecimento e experiência adquiridos | G8: Sua satisfação geral do estágio realizado no Ital | H8: Você indicaria o Ital para um colega realizar estágio? | I8: Você recomendaria empresas a contratar os serviços do Ital? | J8: Comentários
B76: Total de respostas | C76: =COUNTA(C9:C75) -> 0 | D76: =COUNTA(D9:D75) -> 0 | E76: =COUNTA(E9:E75) -> 0 | F76: =COUNTA(F9:F75) -> 0 | G76: =COUNTA(G9:G75) -> 0 | H76: =COUNTA(H9:H75) -> 0 | I76: =COUNTA(I9:I75) -> 0
B77: Nº Respostas satisfeitas | C77: =COUNTIF(C9:C75,">3") -> 0 | D77: =COUNTIF(D9:D75,">3") -> 0 | E77: =COUNTIF(E9:E75,">3") -> 0 | F77: =COUNTIF(F9:F75,">3") -> 0 | G77: =COUNTIF(G9:G75,">3") -> 0 | H77: =COUNTIF(H9:H75,"Sim") -> 0 | I77: =COUNTIF(I9:I75,"Sim") -> 0
B78: Nº Respostas insatisfeitas | C78: =COUNTIF(C9:C75,"<3") -> 0 | D78: =COUNTIF(D9:D75,"<3") -> 0 | E78: =COUNTIF(E9:E75,"<3") -> 0 | F78: =COUNTIF(F9:F75,"<3") -> 0 | G78: =COUNTIF(G9:G75,"<3") -> 0 | H78: =COUNTIF(H9:H75,"Não") -> 0 | I78: =COUNTIF(I9:I75,"Não") -> 0
B79: Avaliação média do item | C79: =IFERROR(AVERAGE(C9:C75),"") | D79: =IFERROR(AVERAGE(D9:D75),"") | E79: =IFERROR(AVERAGE(E9:E75),"") | F79: =IFERROR(AVERAGE(F9:F75),"") | G79: =IFERROR(AVERAGE(G9:G75),"")
B80: Satisfação Média | C80: =IFERROR(SUM(C77:G77)/SUM(C76:G76),"")
B81: Insatisfação Média | C81: =IFERROR(SUM(C78:G78)/SUM(C76:G76),"")
B82: Satisfação Geral | C82: =IFERROR(SUM(H77:I77)/SUM(H76:I76),"")
B83: Insatisfação Geral | C83: =IFERROR(SUM(H78:I78)/SUM(H76:I76),"")
A84: FQ-08.36 (anexo à IT-08.01.04) - RA - revisão 02 de 02/01/23 - Página 7/8

Sheet Relatório
A1: 2. RELATÓRIO DA SATISFAÇÃO DOS ESTAGIÁRIOS
A2: =CCQA!$A$2 -> (ANO)
A4: Unidade | B4: Quantidade de formulários preenchidos | C4: Satisfação média | D4: Insatisfação média | E4: Satisfação geral | F4: Insatisfação geral
A5: DG | B5: =COUNTA(DG!A10:A75) -> 0 | C5: =DG!C80 | D5: =DG!C81 | E5: =DG!C82 | F5: =DG!C83
A6: CCQA | B6: =COUNTA(CCQA!A10:A75) -> 0 | C6: =CCQA!C80 | D6: =CCQA!C81 | E6: =CCQA!C82 | F6: =CCQA!C83
A7: Cetea | B7: =COUNTA(Cetea!A10:A75) -> 0 | C7: =Cetea!C80 | D7: =Cetea!C81 | E7: =Cetea!C82 | F7: =Cetea!C83
A8: Tecnolat | B8: =COUNTA(Tecnolat!A10:A75) -> 0 | C8: =Tecnolat!C80 | D8: =Tecnolat!C81 | E8: =Tecnolat!C82 | F8: =Tecnolat!C83
A9: Fruthotec | B9: =COUNTA(Fruthotec!A10:A75) -> 0
A10: CTC | B10: =COUNTA(CTC!A10:A75) -> 0 | C10: =CTC!C80 | D10: =CTC!C81 | E10: =CTC!C82 | F10: =CTC!C83
A11: Cereal Chocotec | B11: =COUNTA('Cereal Chocotec'!A10:A75) -> 0 | C11: ='Cereal Chocotec'!C80:G80 | D11: ='Cereal Chocotec'!C81 | E11: ='Cereal Chocotec'!C82 | F11: ='Cereal Chocotec'!C83
A12: Ital | B12: =SUM(B5:B11) -> 0 | C12: =IFERROR(AVERAGE(C5:C11),"-") -> - | D12: =IFERROR(AVERAGE(D5:D11),"-") -> - | E12: =IFERROR(AVERAGE(E5:E11),"-") -> - | F12: =IFERROR(AVERAGE(F5:F11),"-") -> -
A15: FQ-08.36 (anexo à IT-08.01.04) - RA - revisão 02 de 02/01/23 - Página 8/8
