Workbook

Sheet Ital
A1: RESULTADOS FINANCEIROS - Índice de sustentabilidade financeira (arrecadação/despesa FA)
A2: ANO: 1ºSEMESTRE ( ) ANO COMPLETO ( )
A4: 1. RESULTADOS GERAIS - ITAL
A6: a) Resultados ordenados pela % crescimento no período: | F6: b) Resultados ordenados pela % participação no período (sem DG):
A7: Unidade | B7: ANO ANTERIOR | C7: ANO ATUAL | D7: % | F7: Unidade | G7: =C7 -> ANO ATUAL | H7: % S/Total | I7: % Acum.
D8: =IFERROR((C8-B8)/ABS(B8)*100,"-") -> - | H8: =IFERROR(G8/G$16*100,"-") -> - | I8: =H8 -> -
D9: =IFERROR((C9-B9)/ABS(B9)*100,"-") -> - | H9: =IFERROR(G9/G$16*100,"-") -> - | I9: =IFERROR(H9+I8,"-") -> -
D10: =IFERROR((C10-B10)/ABS(B10)*100,"-") -> - | H10: =IFERROR(G10/G$16*100,"-") -> - | I10: =IFERROR(H10+I9,"-") -> -
D11: =IFERROR((C11-B11)/ABS(B11)*100,"-") -> - | H11: =IFERROR(G11/G$16*100,"-") -> - | I11: =IFERROR(H11+I10,"-") -> -
D12: =IFERROR((C12-B12)/ABS(B12)*100,"-") -> - | H12: =IFERROR(G12/G$16*100,"-") -> - | I12: =IFERROR(H12+I11,"-") -> -
D13: =IFERROR((C13-B13)/ABS(B13)*100,"-") -> - | H13: =IFERROR(G13/G$16*100,"-") -> - | I13: =IFERROR(H13+I12,"-") -> -
D14: =IFERROR((C14-B14)/ABS(B14)*100,"-") -> - | H14: =IFERROR(G14/G$16*100,"-") -> - | I14: =IFERROR(H14+I13,"-") -> -
D15: =IFERROR((C15-B15)/ABS(B15)*100,"-") -> - | F15: - | G15: - | H15: =IFERROR(G15/G$16*100,"-") -> - | I15: =IFERROR(H15+I14,"-") -> -
D16: =IFERROR((C16-B16)/ABS(B16)*100,"-") -> - | F16: TOTAL | G16: =SUM(G8:G15) -> 0 | H16: =IFERROR(G16/G$16*100,"-") -> -
D17: =IFERROR((C17-B17)/ABS(B17)*100,"-") -> -
D18: =IFERROR((C18-B18)/ABS(B18)*100,"-") -> -
A19: TOTAL | B19: =SUM(B8:B18) -> 0 | C19: =SUM(C8:C18) -> 0 | D19: =IFERROR((C19-B19)/ABS(B19)*100,"-") -> -
F20: c) Despesas no período.
A21: % CRESCIMENTO CORRIGIDA | B21: IGP-M (FGV) | C21: IPC (FIPE) | F21: Despesas | G21: Valores | H21: % do total | I21: % Acum.
F22: Pessoal | H22: =IFERROR(G22/G$32*100,"-") -> - | I22: =H22 -> -
F23: Serviços de terceiros | H23: =IFERROR(G23/G$32*100,"-") -> - | I23: =IFERROR(I22+H23,"-") -> -
F24: Tx. Administração | H24: =IFERROR(G24/G$32*100,"-") -> - | I24: =IFERROR(I23+H24,"-") -> -
F25: Material Consumo | H25: =IFERROR(G25/G$32*100,"-") -> - | I25: =IFERROR(I24+H25,"-") -> -
F26: Impostos e Taxas | H26: =IFERROR(G26/G$32*100,"-") -> - | I26: =IFERROR(I25+H26,"-") -> -
F27: Pronto pagamento | H27: =IFERROR(G27/G$32*100,"-") -> - | I27: =IFERROR(I26+H27,"-") -> -
F28: Diversos | H28: =IFERROR(G28/G$32*100,"-") -> - | I28: =IFERROR(I27+H28,"-") -> -
F29: Obras e Equipamentos | H29: =IFERROR(G29/G$32*100,"-") -> - | I29: =IFERROR(I28+H29,"-") -> -
F30: Despesas de Viagens | H30: =IFERROR(G30/G$32*100,"-") -> - | I30: =IFERROR(I29+H30,"-") -> -
F31: Veículos | H31: =IFERROR(G31/G$32*100,"-") -> - | I31: =IFERROR(I30+H31,"-") -> -
F32: Total | G32: =SUM(G22:G31) -> 0 | H32: =IFERROR(G32/G$32*100,"-") -> -
F34: ÍNDICE DE RENTABILIDADE BRUTA: | H34: =IFERROR(C19/G32,"-") -> - | I34: (IDEAL > 1)
F35: Quociente entre a soma dos resultados - tabela a) - e a soma das despesas,
F36: tabela c)
A37: Fonte: ERP-FUNDEPAG. | F37: Índice de sustentabilidade financeira (arrecadação/despesa FA) - I13
I38: =H34 -> -
A40: FQ-08.34 (anexo à IT-08.01.04) - RA - revisão 02 de 05/06/24 - Página 1/2

Sheet Unidades
A1: RESULTADOS FINANCEIROS - Índice de sustentabilidade financeira (arrecadação/despesa FA)
A2: =Ital!A2 -> ANO: 1ºSEMESTRE ( ) ANO COMPLETO ( )
A4: 2. RESULTADOS INDIVIDUAIS - UNIDADES
A6: d) Índice de rentabilidade bruta / Índice de sustentabilidade financeira (I13)
A7: Unidade | B7: Valores (a) | C7: Despesas | D7: %
A8: =Ital!A8 -> 0 | B8: =Ital!C8 -> 0 | D8: =IFERROR(B8/C8,"-") -> -
A9: =Ital!A9 -> 0 | B9: =Ital!C9 -> 0 | D9: =IFERROR(B9/C9,"-") -> -
A10: =Ital!A10 -> 0 | B10: =Ital!C10 -> 0 | D10: =IFERROR(B10/C10,"-") -> -
A11: =Ital!A11 -> 0 | B11: =Ital!C11 -> 0 | D11: =IFERROR(B11/C11,"-") -> -
A12: =Ital!A12 -> 0 | B12: =Ital!C12 -> 0 | D12: =IFERROR(B12/C12,"-") -> -
A13: =Ital!A13 -> 0 | B13: =Ital!C13 -> 0 | D13: =IFERROR(B13/C13,"-") -> -
A14: =Ital!A14 -> 0 | D14: =IFERROR(B14/C14,"-") -> -
D15: =IFERROR(C15/B15,"-") -> -
A16: Fonte: ERP-FUNDEPAG.
A17: Observações:
A23: FQ-08.34 (anexo à IT-08.01.04) - RA - revisão 02 de 05/06/24 - Página 2/2
