Workbook

Sheet Controle de Transferências
A1: CONTROLE DE TRANSFERÊNCIAS ENTRE UNIDADES
A2: (ANO)
A4: DATA | B4: DE: | C4: PARA: | D4: VALOR BRUTO | E4: OBSERVAÇÃO | F4: MÊS
F5: =IFERROR(IF(A5=0,“”,MONTH(A5)),0) -> 0
F6: =IFERROR(IF(A6=0,“”,MONTH(A6)),0) -> 0
F7: =IFERROR(IF(A7=0,“”,MONTH(A7)),0) -> 0
F8: =IFERROR(IF(A8=0,“”,MONTH(A8)),0) -> 0
F9: =IFERROR(IF(A9=0,“”,MONTH(A9)),0) -> 0
F10: =IFERROR(IF(A10=0,“”,MONTH(A10)),0) -> 0
F11: =IFERROR(IF(A11=0,“”,MONTH(A11)),0) -> 0
F12: =IFERROR(IF(A12=0,“”,MONTH(A12)),0) -> 0
F13: =IFERROR(IF(A13=0,“”,MONTH(A13)),0) -> 0
F14: =IFERROR(IF(A14=0,“”,MONTH(A14)),0) -> 0
F15: =IFERROR(IF(A15=0,“”,MONTH(A15)),0) -> 0
F16: =IFERROR(IF(A16=0,“”,MONTH(A16)),0) -> 0
... F54: =IFERROR(IF(A54=0,“”,MONTH(A54)),0) -> 0
A56: FQ-08.42 (anexo à IT-08.01.04) - RA - revisão 00 de 08/07/22 - Página 1/2

Sheet Painel
A1: CONTROLE DE TRANSFERÊNCIAS ENTRE UNIDADES
A2: ='Controle de Transferências'!A2:E2 -> (ANO)
A4: 1. Valores transferidos para outra Unidade
A5: Unidade | B5: MÊS
B6: JAN | C6: FEV | D6: MAR | E6: ABR | F6: MAI | G6: JUN | H6: JUL | I6: AGO | J6: SET | K6: OUT | L6: NOV | M6: DEZ | N6: Total
A7: CCQA | B7: =SUMIFS('Controle de Transferências'!D$5:D$54,'Controle de Transferências'!F$5:F$54,1,'Controle de Transferências'!B$5:B$54,Painel!A7) -> 0 | C7: =SUMIFS('Controle de Transferências'!D$5:D$54,'Controle de Transferências'!F$5:F$54,2,'Controle de Transferências'!B$5:B$54,Painel!A7) -> 0 | D7: =SUMIFS('Controle de Transferências'!D$5:D$54,'Controle de Transferências'!F$5:F$54,3,'Controle de Transferências'!B$5:B$54,Painel!A7) -> 0 | E7: =SUMIFS('Controle de Transferências'!D$5:D$54,'Controle de Transferências'!F$5:F$54,4,'Controle de Transferências'!B$5:B$54,Painel!A7) -> 0 | F7: =SUMIFS('Controle de Transferências'!D$5:D$54,'Controle de Transferências'!F$5:F$54,5,'Controle de Transferências'!B$5:B$54,Painel!A7) -> 0 | G7: =SUMIFS('Controle de Transferências'!D$5:D$54,'Controle de Transferências'!F$5:F$54,6,'Controle de Transferências'!B$5:B$54,Painel!A7) -> 0 | H7: =SUMIFS('Controle de Transferências'!D$5:D$54,'Controle de Transferências'!F$5:F$54,7,'Controle de Transferências'!B$5:B$54,Painel!A7) -> 0 | I7: =SUMIFS('Controle de Transferências'!D$5:D$54,'Controle de Transferências'!F$5:F$54,8,'Controle de Transferências'!B$5:B$54,Painel!A7) -> 0 | J7: =SUMIFS('Controle de Transferências'!D$5:D$54,'Controle de Transferências'!F$5:F$54,9,'Controle de Transferências'!B$5:B$54,Painel!A7) -> 0 | K7: =SUMIFS('Controle de Transferências'!D$5:D$54,'Controle de Transferências'!F$5:F$54,10,'Controle de Transferências'!B$5:B$54,Painel!A7) -> 0 | L7: =SUMIFS('Controle de Transferências'!D$5:D$54,'Controle de Transferências'!F$5:F$54,11,'Controle de Transferências'!B$5:B$54,Painel!A7) -> 0 | M7: =SUMIFS('Controle de Transferências'!D$5:D$54,'Controle de Transferências'!F$5:F$54,12,'Controle de Transferências'!B$5:B$54,Painel!A7) -> 0 | N7: =SUM(B7:M7) -> 0
A8: Cereal Chocotec | B8: =SUMIFS('Controle de Transferências'!D$5:D$54,'Controle de Transferências'!F$5:F$54,1,'Controle de Transferências'!B$5:B$54,Painel!A8) -> 0 | C8: =SUMIFS('Controle de Transferências'!D$5:D$54,'Controle de Transferências'!F$5:F$54,2,'Controle de Transferências'!B$5:B$54,Painel!A9) -> 0 | D8: =SUMIFS('Controle de Transferências'!D$5:D$54,'Controle de Transferências'!F$5:F$54,3,'Controle de Transferências'!B$5:B$54,Painel!A10) -> 0 | E8: =SUMIFS('Controle de Transferências'!D$5:D$54,'Controle de Transferências'!F$5:F$54,4,'Controle de Transferências'!B$5:B$54,Painel!A10) -> 0 | F8: =SUMIFS('Controle de Transferências'!D$5:D$54,'Controle de Transferências'!F$5:F$54,5,'Controle de Transferências'!B$5:B$54,Painel!A8) -> 0 | G8: =SUMIFS('Controle de Transferências'!D$5:D$54,'Controle de Transferências'!F$5:F$54,6,'Controle de Transferências'!B$5:B$54,Painel!A8) -> 0 | H8: =SUMIFS('Controle de Transferências'!D$5:D$54,'Controle de Transferências'!F$5:F$54,7,'Controle de Transferências'!B$5:B$54,Painel!A8) -> 0 | I8: =SUMIFS('Controle de Transferências'!D$5:D$54,'Controle de Transferências'!F$5:F$54,8,'Controle de Transferências'!B$5:B$54,Painel!A8) -> 0 | J8: =SUMIFS('Controle de Transferências'!D$5:D$54,'Controle de Transferências'!F$5:F$54,9,'Controle de Transferências'!B$5:B$54,Painel!A8) -> 0 | K8: =SUMIFS('Controle de Transferências'!D$5:D$54,'Controle de Transferências'!F$5:F$54,10,'Controle de Transferências'!B$5:B$54,Painel!A8) -> 0 | L8: =SUMIFS('Controle de Transferências'!D$5:D$54,'Controle de Transferências'!F$5:F$54,11,'Controle de Transferências'!B$5:B$54,Painel!A8) -> 0 | M8: =SUMIFS('Controle de Transferências'!D$5:D$54,'Controle de Transferências'!F$5:F$54,12,'Controle de Transferências'!B$5:B$54,Painel!A8) -> 0 | N8: =SUM(B8:M8) -> 0
A9: Cetea | B9: =SUMIFS('Controle de Transferências'!D$5:D$54,'Controle de Transferências'!F$5:F$54,1,'Controle de Transferências'!B$5:B$54,Painel!A9) -> 0 | C9: =SUMIFS('Controle de Transferências'!D$5:D$54,'Controle de Transferências'!F$5:F$54,2,'Controle de Transferências'!B$5:B$54,Painel!A10) -> 0 | D9: =SUMIFS('Controle de Transferências'!D$5:D$54,'Controle de Transferências'!F$5:F$54,3,'Controle de Transferências'!B$5:B$54,Painel!A11) -> 0 | E9: =SUMIFS('Controle de Transferências'!D$5:D$54,'Controle de Transferências'!F$5:F$54,4,'Controle de Transferências'!B$5:B$54,Painel!A11) -> 0 | F9: =SUMIFS('Controle de Transferências'!D$5:D$54,'Controle de Transferências'!F$5:F$54,5,'Controle de Transferências'!B$5:B$54,Painel!A9) -> 0 | G9: =SUMIFS('Controle de Transferências'!D$5:D$54,'Controle de Transferências'!F$5:F$54,6,'Controle de Transferências'!B$5:B$54,Painel!A9) -> 0 | H9: =SUMIFS('Controle de Transferências'!D$5:D$54,'Controle de Transferências'!F$5:F$54,7,'Controle de Transferências'!B$5:B$54,Painel!A9) -> 0 | I9: =SUMIFS('Controle de Transferências'!D$5:D$54,'Controle de Transferências'!F$5:F$54,8,'Controle de Transferências'!B$5:B$54,Painel!A9) -> 0 | J9: =SUMIFS('Controle de Transferências'!D$5:D$54,'Controle de Transferências'!F$5:F$54,9,'Controle de Transferências'!B$5:B$54,Painel!A9) -> 0 | K9: =SUMIFS('Controle de Transferências'!D$5:D$54,'Controle de Transferências'!F$5:F$54,10,'Controle de Transferências'!B$5:B$54,Painel!A9) -> 0 | L9: =SUMIFS('Controle de Transferências'!D$5:D$54,'Controle de Transferências'!F$5:F$54,11,'Controle de Transferências'!B$5:B$54,Painel!A9) -> 0 | M9: =SUMIFS('Controle de Transferências'!D$5:D$54,'Controle de Transferências'!F$5:F$54,12,'Controle de Transferências'!B$5:B$54,Painel!A9) -> 0 | N9: =SUM(B9:M9) -> 0
A10: CTC | B10: =SUMIFS('Controle de Transferências'!D$5:D$54,'Controle de Transferências'!F$5:F$54,1,'Controle de Transferências'!B$5:B$54,Painel!A10) -> 0 | C10: =SUMIFS('Controle de Transferências'!D$5:D$54,'Controle de Transferências'!F$5:F$54,2,'Controle de Transferências'!B$5:B$54,Painel!A11) -> 0 | D10: =SUMIFS('Controle de Transferências'!D$5:D$54,'Controle de Transferências'!F$5:F$54,3,'Controle de Transferências'!B$5:B$54,Painel!A12) -> 0 | E10: =SUMIFS('Controle de Transferências'!D$5:D$54,'Controle de Transferências'!F$5:F$54,4,'Controle de Transferências'!B$5:B$54,Painel!A12) -> 0 | F10: =SUMIFS('Controle de Transferências'!D$5:D$54,'Controle de Transferências'!F$5:F$54,5,'Controle de Transferências'!B$5:B$54,Painel!A10) -> 0 | G10: =SUMIFS('Controle de Transferências'!D$5:D$54,'Controle de Transferências'!F$5:F$54,6,'Controle de Transferências'!B$5:B$54,Painel!A10) -> 0 | H10: =SUMIFS('Controle de Transferências'!D$5:D$54,'Controle de Transferências'!F$5:F$54,7,'Controle de Transferências'!B$5:B$54,Painel!A10) -> 0 | I10: =SUMIFS('Controle de Transferências'!D$5:D$54,'Controle de Transferências'!F$5:F$54,8,'Controle de Transferências'!B$5:B$54,Painel!A10) -> 0 | J10: =SUMIFS('Controle de Transferências'!D$5:D$54,'Controle de Transferências'!F$5:F$54,9,'Controle de Transferências'!B$5:B$54,Painel!A10) -> 0 | K10: =SUMIFS('Controle de Transferências'!D$5:D$54,'Controle de Transferências'!F$5:F$54,10,'Controle de Transferências'!B$5:B$54,Painel!A10) -> 0 | L10: =SUMIFS('Controle de Transferências'!D$5:D$54,'Controle de Transferências'!F$5:F$54,11,'Controle de Transferências'!B$5:B$54,Painel!A10) -> 0 | M10: =SUMIFS('Controle de Transferências'!D$5:D$54,'Controle de Transferências'!F$5:F$54,12,'Controle de Transferências'!B$5:B$54,Painel!A10) -> 0 | N10: =SUM(B10:M10) -> 0
A11: DG | B11: =SUMIFS('Controle de Transferências'!D$5:D$54,'Controle de Transferências'!F$5:F$54,1,'Controle de Transferências'!B$5:B$54,Painel!A11) -> 0 | C11: =SUMIFS('Controle de Transferências'!D$5:D$54,'Controle de Transferências'!F$5:F$54,2,'Controle de Transferências'!B$5:B$54,Painel!A12) -> 0 | D11: =SUMIFS('Controle de Transferências'!D$5:D$54,'Controle de Transferências'!F$5:F$54,3,'Controle de Transferências'!B$5:B$54,Painel!A13) -> 0 | E11: =SUMIFS('Controle de Transferências'!D$5:D$54,'Controle de Transferências'!F$5:F$54,4,'Controle de Transferências'!B$5:B$54,Painel!A13) -> 0 | F11: =SUMIFS('Controle de Transferências'!D$5:D$54,'Controle de Transferências'!F$5:F$54,5,'Controle de Transferências'!B$5:B$54,Painel!A11) -> 0 | G11: =SUMIFS('Controle de Transferências'!D$5:D$54,'Controle de Transferências'!F$5:F$54,6,'Controle de Transferências'!B$5:B$54,Painel!A11) -> 0 | H11: =SUMIFS('Controle de Transferências'!D$5:D$54,'Controle de Transferências'!F$5:F$54,7,'Controle de Transferências'!B$5:B$54,Painel!A11) -> 0 | I11: =SUMIFS('Controle de Transferências'!D$5:D$54,'Controle de Transferências'!F$5:F$54,8,'Controle de Transferências'!B$5:B$54,Painel!A11) -> 0 | J11: =SUMIFS('Controle de Transferências'!D$5:D$54,'Controle de Transferências'!F$5:F$54,9,'Controle de Transferências'!B$5:B$54,Painel!A11) -> 0 | K11: =SUMIFS('Controle de Transferências'!D$5:D$54,'Controle de Transferências'!F$5:F$54,10,'Controle de Transferências'!B$5:B$54,Painel!A11) -> 0 | L11: =SUMIFS('Controle de Transferências'!D$5:D$54,'Controle de Transferências'!F$5:F$54,11,'Controle de Transferências'!B$5:B$54,Painel!A11) -> 0 | M11: =SUMIFS('Controle de Transferências'!D$5:D$54,'Controle de Transferências'!F$5:F$54,12,'Controle de Transferências'!B$5:B$54,Painel!A11) -> 0 | N11: =SUM(B11:M11) -> 0
A12: Fruthotec | B12: =SUMIFS('Controle de Transferências'!D$5:D$54,'Controle de Transferências'!F$5:F$54,1,'Controle de Transferências'!B$5:B$54,Painel!A12) -> 0 | C12: =SUMIFS('Controle de Transferências'!D$5:D$54,'Controle de Transferências'!F$5:F$54,2,'Controle de Transferências'!B$5:B$54,Painel!A13) -> 0 | D12: =SUMIFS('Controle de Transferências'!D$5:D$54,'Controle de Transferências'!F$5:F$54,3,'Controle de Transferências'!B$5:B$54,Painel!A14) -> 0 | E12: =SUMIFS('Controle de Transferências'!D$5:D$54,'Controle de Transferências'!F$5:F$54,4,'Controle de Transferências'!B$5:B$54,Painel!A14) -> 0 | F12: =SUMIFS('Controle de Transferências'!D$5:D$54,'Controle de Transferências'!F$5:F$54,5,'Controle de Transferências'!B$5:B$54,Painel!A12) -> 0 | G12: =SUMIFS('Controle de Transferências'!D$5:D$54,'Controle de Transferências'!F$5:F$54,6,'Controle de Transferências'!B$5:B$54,Painel!A12) -> 0 | H12: =SUMIFS('Controle de Transferências'!D$5:D$54,'Controle de Transferências'!F$5:F$54,7,'Controle de Transferências'!B$5:B$54,Painel!A12) -> 0 | I12: =SUMIFS('Controle de Transferências'!D$5:D$54,'Controle de Transferências'!F$5:F$54,8,'Controle de Transferências'!B$5:B$54,Painel!A12) -> 0 | J12: =SUMIFS('Controle de Transferências'!D$5:D$54,'Controle de Transferências'!F$5:F$54,9,'Controle de Transferências'!B$5:B$54,Painel!A12) -> 0 | K12: =SUMIFS('Controle de Transferências'!D$5:D$54,'Controle de Transferências'!F$5:F$54,10,'Controle de Transferências'!B$5:B$54,Painel!A12) -> 0 | L12: =SUMIFS('Controle de Transferências'!D$5:D$54,'Controle de Transferências'!F$5:F$54,11,'Controle de Transferências'!B$5:B$54,Painel!A12) -> 0 | M12: =SUMIFS('Controle de Transferências'!D$5:D$54,'Controle de Transferências'!F$5:F$54,12,'Controle de Transferências'!B$5:B$54,Painel!A12) -> 0 | N12: =SUM(B12:M12) -> 0
A13: Tecnolat | B13: =SUMIFS('Controle de Transferências'!D$5:D$54,'Controle de Transferências'!F$5:F$54,1,'Controle de Transferências'!B$5:B$54,Painel!A13) -> 0 | C13: =SUMIFS('Controle de Transferências'!D$5:D$54,'Controle de Transferências'!F$5:F$54,2,'Controle de Transferências'!B$5:B$54,Painel!A14) -> 0 | D13: =SUMIFS('Controle de Transferências'!D$5:D$54,'Controle de Transferências'!F$5:F$54,3,'Controle de Transferências'!B$5:B$54,Painel!A15) -> 0 | E13: =SUMIFS('Controle de Transferências'!D$5:D$54,'Controle de Transferências'!F$5:F$54,4,'Controle de Transferências'!B$5:B$54,Painel!A12) -> 0 | F13: =SUMIFS('Controle de Transferências'!D$5:D$54,'Controle de Transferências'!F$5:F$54,5,'Controle de Transferências'!B$5:B$54,Painel!A13) -> 0 | G13: =SUMIFS('Controle de Transferências'!D$5:D$54,'Controle de Transferências'!F$5:F$54,6,'Controle de Transferências'!B$5:B$54,Painel!A13) -> 0 | H13: =SUMIFS('Controle de Transferências'!D$5:D$54,'Controle de Transferências'!F$5:F$54,7,'Controle de Transferências'!B$5:B$54,Painel!A13) -> 0 | I13: =SUMIFS('Controle de Transferências'!D$5:D$54,'Controle de Transferências'!F$5:F$54,8,'Controle de Transferências'!B$5:B$54,Painel!A13) -> 0 | J13: =SUMIFS('Controle de Transferências'!D$5:D$54,'Controle de Transferências'!F$5:F$54,9,'Controle de Transferências'!B$5:B$54,Painel!A13) -> 0 | K13: =SUMIFS('Controle de Transferências'!D$5:D$54,'Controle de Transferências'!F$5:F$54,10,'Controle de Transferências'!B$5:B$54,Painel!A13) -> 0 | L13: =SUMIFS('Controle de Transferências'!D$5:D$54,'Controle de Transferências'!F$5:F$54,11,'Controle de Transferências'!B$5:B$54,Painel!A13) -> 0 | M13: =SUMIFS('Controle de Transferências'!D$5:D$54,'Controle de Transferências'!F$5:F$54,12,'Controle de Transferências'!B$5:B$54,Painel!A13) -> 0 | N13: =SUM(B13:M13) -> 0
A14: Total | B14: =SUM(B7:B13) -> 0 | C14: =SUM(C7:C13) -> 0 | D14: =SUM(D7:D13) -> 0 | E14: =SUM(E7:E13) -> 0 | F14: =SUM(F7:F13) -> 0 | G14: =SUM(G7:G13) -> 0 | H14: =SUM(H7:H13) -> 0 | I14: =SUM(I7:I13) -> 0 | ... M14: =SUM(M7:M13) -> 0 | N14: =SUM(B14:M14) -> 0
A16: 2. Valores recebidos via Transferência
A17: Unidade | B17: MÊS
B18: JAN | C18: FEV | D18: MAR | E18: ABR | F18: MAI | G18: JUN | H18: JUL | I18: AGO | J18: SET | K18: OUT | L18: NOV | M18: DEZ | N18: Total
A19: CCQA | B19: =SUMIFS('Controle de Transferências'!D$5:D$54,'Controle de Transferências'!F$5:F$54,1,'Controle de Transferências'!C$5:C$54,Painel!A19) -> 0 | C19: =SUMIFS('Controle de Transferências'!D$5:D$54,'Controle de Transferências'!F$5:F$54,2,'Controle de Transferências'!C$5:C$54,Painel!A19) -> 0 | D19: =SUMIFS('Controle de Transferências'!D$5:D$54,'Controle de Transferências'!F$5:F$54,3,'Controle de Transferências'!C$5:C$54,Painel!A19) -> 0 | E19: =SUMIFS('Controle de Transferências'!D$5:D$54,'Controle de Transferências'!F$5:F$54,4,'Controle de Transferências'!C$5:C$54,Painel!A19) -> 0 | F19: =SUMIFS('Controle de Transferências'!D$5:D$54,'Controle de Transferências'!F$5:F$54,5,'Controle de Transferências'!C$5:C$54,Painel!A19) -> 0 | G19: =SUMIFS('Controle de Transferências'!D$5:D$54,'Controle de Transferências'!F$5:F$54,6,'Controle de Transferências'!C$5:C$54,Painel!A19) -> 0 | H19: =SUMIFS('Controle de Transferências'!D$5:D$54,'Controle de Transferências'!F$5:F$54,7,'Controle de Transferências'!C$5:C$54,Painel!A19) -> 0 | I19: =SUMIFS('Controle de Transferências'!D$5:D$54,'Controle de Transferências'!F$5:F$54,8,'Controle de Transferências'!C$5:C$54,Painel!A19) -> 0 | J19: =SUMIFS('Controle de Transferências'!D$5:D$54,'Controle de Transferências'!F$5:F$54,9,'Controle de Transferências'!C$5:C$54,Painel!A19) -> 0 | K19: =SUMIFS('Controle de Transferências'!D$5:D$54,'Controle de Transferências'!F$5:F$54,10,'Controle de Transferências'!C$5:C$54,Painel!A19) -> 0 | L19: =SUMIFS('Controle de Transferências'!D$5:D$54,'Controle de Transferências'!F$5:F$54,11,'Controle de Transferências'!C$5:C$54,Painel!A19) -> 0 | M19: =SUMIFS('Controle de Transferências'!D$5:D$54,'Controle de Transferências'!F$5:F$54,12,'Controle de Transferências'!C$5:C$54,Painel!A19) -> 0 | N19: =SUM(B19:M19) -> 0
A20: Cereal Chocotec | B20: =SUMIFS('Controle de Transferências'!D$5:D$54,'Controle de Transferências'!F$5:F$54,1,'Controle de Transferências'!C$5:C$54,Painel!A20) -> 0 | C20: =SUMIFS('Controle de Transferências'!D$5:D$54,'Controle de Transferências'!F$5:F$54,2,'Controle de Transferências'!C$5:C$54,Painel!A20) -> 0 | D20: =SUMIFS('Controle de Transferências'!D$5:D$54,'Controle de Transferências'!F$5:F$54,3,'Controle de Transferências'!C$5:C$54,Painel!A20) -> 0 | E20: =SUMIFS('Controle de Transferências'!D$5:D$54,'Controle de Transferências'!F$5:F$54,4,'Controle de Transferências'!C$5:C$54,Painel!A20) -> 0 | F20: =SUMIFS('Controle de Transferências'!D$5:D$54,'Controle de Transferências'!F$5:F$54,5,'Controle de Transferências'!C$5:C$54,Painel!A20) -> 0 | G20: =SUMIFS('Controle de Transferências'!D$5:D$54,'Controle de Transferências'!F$5:F$54,6,'Controle de Transferências'!C$5:C$54,Painel!A20) -> 0 | H20: =SUMIFS('Controle de Transferências'!D$5:D$54,'Controle de Transferências'!F$5:F$54,7,'Controle de Transferências'!C$5:C$54,Painel!A20) -> 0 | I20: =SUMIFS('Controle de Transferências'!D$5:D$54,'Controle de Transferências'!F$5:F$54,8,'Controle de Transferências'!C$5:C$54,Painel!A20) -> 0 | J20: =SUMIFS('Controle de Transferências'!D$5:D$54,'Controle de Transferências'!F$5:F$54,9,'Controle de Transferências'!C$5:C$54,Painel!A20) -> 0 | K20: =SUMIFS('Controle de Transferências'!D$5:D$54,'Controle de Transferências'!F$5:F$54,10,'Controle de Transferências'!C$5:C$54,Painel!A20) -> 0 | L20: =SUMIFS('Controle de Transferências'!D$5:D$54,'Controle de Transferências'!F$5:F$54,11,'Controle de Transferências'!C$5:C$54,Painel!A20) -> 0 | M20: =SUMIFS('Controle de Transferências'!D$5:D$54,'Controle de Transferências'!F$5:F$54,12,'Controle de Transferências'!C$5:C$54,Painel!A20) -> 0 | N20: =SUM(B20:M20) -> 0
A21: Cetea | B21: =SUMIFS('Controle de Transferências'!D$5:D$54,'Controle de Transferências'!F$5:F$54,1,'Controle de Transferências'!C$5:C$54,Painel!A21) -> 0 | C21: =SUMIFS('Controle de Transferências'!D$5:D$54,'Controle de Transferências'!F$5:F$54,2,'Controle de Transferências'!C$5:C$54,Painel!A21) -> 0 | D21: =SUMIFS('Controle de Transferências'!D$5:D$54,'Controle de Transferências'!F$5:F$54,3,'Controle de Transferências'!C$5:C$54,Painel!A21) -> 0 | E21: =SUMIFS('Controle de Transferências'!D$5:D$54,'Controle de Transferências'!F$5:F$54,4,'Controle de Transferências'!C$5:C$54,Painel!A21) -> 0 | F21: =SUMIFS('Controle de Transferências'!D$5:D$54,'Controle de Transferências'!F$5:F$54,5,'Controle de Transferências'!C$5:C$54,Painel!A21) -> 0 | G21: =SUMIFS('Controle de Transferências'!D$5:D$54,'Controle de Transferências'!F$5:F$54,6,'Controle de Transferências'!C$5:C$54,Painel!A21) -> 0 | H21: =SUMIFS('Controle de Transferências'!D$5:D$54,'Controle de Transferências'!F$5:F$54,7,'Controle de Transferências'!C$5:C$54,Painel!A21) -> 0 | I21: =SUMIFS('Controle de Transferências'!D$5:D$54,'Controle de Transferências'!F$5:F$54,8,'Controle de Transferências'!C$5:C$54,Painel!A21) -> 0 | J21: =SUMIFS('Controle de Transferências'!D$5:D$54,'Controle de Transferências'!F$5:F$54,9,'Controle de Transferências'!C$5:C$54,Painel!A21) -> 0 | K21: =SUMIFS('Controle de Transferências'!D$5:D$54,'Controle de Transferências'!F$5:F$54,10,'Controle de Transferências'!C$5:C$54,Painel!A21) -> 0 | L21: =SUMIFS('Controle de Transferências'!D$5:D$54,'Controle de Transferências'!F$5:F$54,11,'Controle de Transferências'!C$5:C$54,Painel!A21) -> 0 | M21: =SUMIFS('Controle de Transferências'!D$5:D$54,'Controle de Transferências'!F$5:F$54,12,'Controle de Transferências'!C$5:C$54,Painel!A21) -> 0 | N21: =SUM(B21:M21) -> 0
A22: CTC | B22: =SUMIFS('Controle de Transferências'!D$5:D$54,'Controle de Transferências'!F$5:F$54,1,'Controle de Transferências'!C$5:C$54,Painel!A22) -> 0 | C22: =SUMIFS('Controle de Transferências'!D$5:D$54,'Controle de Transferências'!F$5:F$54,2,'Controle de Transferências'!C$5:C$54,Painel!A22) -> 0 | D22: =SUMIFS('Controle de Transferências'!D$5:D$54,'Controle de Transferências'!F$5:F$54,3,'Controle de Transferências'!C$5:C$54,Painel!A22) -> 0 | E22: =SUMIFS('Controle de Transferências'!D$5:D$54,'Controle de Transferências'!F$5:F$54,4,'Controle de Transferências'!C$5:C$54,Painel!A22) -> 0 | F22: =SUMIFS('Controle de Transferências'!D$5:D$54,'Controle de Transferências'!F$5:F$54,5,'Controle de Transferências'!C$5:C$54,Painel!A22) -> 0 | G22: =SUMIFS('Controle de Transferências'!D$5:D$54,'Controle de Transferências'!F$5:F$54,6,'Controle de Transferências'!C$5:C$54,Painel!A22) -> 0 | H22: =SUMIFS('Controle de Transferências'!D$5:D$54,'Controle de Transferências'!F$5:F$54,7,'Controle de Transferências'!C$5:C$54,Painel!A22) -> 0 | I22: =SUMIFS('Controle de Transferências'!D$5:D$54,'Controle de Transferências'!F$5:F$54,8,'Controle de Transferências'!C$5:C$54,Painel!A22) -> 0 | J22: =SUMIFS('Controle de Transferências'!D$5:D$54,'Controle de Transferências'!F$5:F$54,9,'Controle de Transferências'!C$5:C$54,Painel!A22) -> 0 | K22: =SUMIFS('Controle de Transferências'!D$5:D$54,'Controle de Transferências'!F$5:F$54,10,'Controle de Transferências'!C$5:C$54,Painel!A22) -> 0 | L22: =SUMIFS('Controle de Transferências'!D$5:D$54,'Controle de Transferências'!F$5:F$54,11,'Controle de Transferências'!C$5:C$54,Painel!A22) -> 0 | M22: =SUMIFS('Controle de Transferências'!D$5:D$54,'Controle de Transferências'!F$5:F$54,12,'Controle de Transferências'!C$5:C$54,Painel!A22) -> 0 | N22: =SUM(B22:M22) -> 0
A23: DG | B23: =SUMIFS('Controle de Transferências'!D$5:D$54,'Controle de Transferências'!F$5:F$54,1,'Controle de Transferências'!C$5:C$54,Painel!A23) -> 0 | C23: =SUMIFS('Controle de Transferências'!D$5:D$54,'Controle de Transferências'!F$5:F$54,2,'Controle de Transferências'!C$5:C$54,Painel!A23) -> 0 | D23: =SUMIFS('Controle de Transferências'!D$5:D$54,'Controle de Transferências'!F$5:F$54,3,'Controle de Transferências'!C$5:C$54,Painel!A23) -> 0 | E23: =SUMIFS('Controle de Transferências'!D$5:D$54,'Controle de Transferências'!F$5:F$54,4,'Controle de Transferências'!C$5:C$54,Painel!A23) -> 0 | F23: =SUMIFS('Controle de Transferências'!D$5:D$54,'Controle de Transferências'!F$5:F$54,5,'Controle de Transferências'!C$5:C$54,Painel!A23) -> 0 | G23: =SUMIFS('Controle de Transferências'!D$5:D$54,'Controle de Transferências'!F$5:F$54,6,'Controle de Transferências'!C$5:C$54,Painel!A23) -> 0 | H23: =SUMIFS('Controle de Transferências'!D$5:D$54,'Controle de Transferências'!F$5:F$54,7,'Controle de Transferências'!C$5:C$54,Painel!A23) -> 0 | I23: =SUMIFS('Controle de Transferências'!D$5:D$54,'Controle de Transferências'!F$5:F$54,8,'Controle de Transferências'!C$5:C$54,Painel!A23) -> 0 | J23: =SUMIFS('Controle de Transferências'!D$5:D$54,'Controle de Transferências'!F$5:F$54,9,'Controle de Transferências'!C$5:C$54,Painel!A23) -> 0 | K23: =SUMIFS('Controle de Transferências'!D$5:D$54,'Controle de Transferências'!F$5:F$54,10,'Controle de Transferências'!C$5:C$54,Painel!A23) -> 0 | L23: =SUMIFS('Controle de Transferências'!D$5:D$54,'Controle de Transferências'!F$5:F$54,11,'Controle de Transferências'!C$5:C$54,Painel!A23) -> 0 | M23: =SUMIFS('Controle de Transferências'!D$5:D$54,'Controle de Transferências'!F$5:F$54,12,'Controle de Transferências'!C$5:C$54,Painel!A23) -> 0 | N23: =SUM(B23:M23) -> 0
A24: Fruthotec | B24: =SUMIFS('Controle de Transferências'!D$5:D$54,'Controle de Transferências'!F$5:F$54,1,'Controle de Transferências'!C$5:C$54,Painel!A24) -> 0 | C24: =SUMIFS('Controle de Transferências'!D$5:D$54,'Controle de Transferências'!F$5:F$54,2,'Controle de Transferências'!C$5:C$54,Painel!A24) -> 0 | D24: =SUMIFS('Controle de Transferências'!D$5:D$54,'Controle de Transferências'!F$5:F$54,3,'Controle de Transferências'!C$5:C$54,Painel!A24) -> 0 | E24: =SUMIFS('Controle de Transferências'!D$5:D$54,'Controle de Transferências'!F$5:F$54,4,'Controle de Transferências'!C$5:C$54,Painel!A24) -> 0 | F24: =SUMIFS('Controle de Transferências'!D$5:D$54,'Controle de Transferências'!F$5:F$54,5,'Controle de Transferências'!C$5:C$54,Painel!A24) -> 0 | G24: =SUMIFS('Controle de Transferências'!D$5:D$54,'Controle de Transferências'!F$5:F$54,6,'Controle de Transferências'!C$5:C$54,Painel!A24) -> 0 | H24: =SUMIFS('Controle de Transferências'!D$5:D$54,'Controle de Transferências'!F$5:F$54,7,'Controle de Transferências'!C$5:C$54,Painel!A24) -> 0 | I24: =SUMIFS('Controle de Transferências'!D$5:D$54,'Controle de Transferências'!F$5:F$54,8,'Controle de Transferências'!C$5:C$54,Painel!A24) -> 0 | J24: =SUMIFS('Controle de Transferências'!D$5:D$54,'Controle de Transferências'!F$5:F$54,9,'Controle de Transferências'!C$5:C$54,Painel!A24) -> 0 | K24: =SUMIFS('Controle de Transferências'!D$5:D$54,'Controle de Transferências'!F$5:F$54,10,'Controle de Transferências'!C$5:C$54,Painel!A24) -> 0 | L24: =SUMIFS('Controle de Transferências'!D$5:D$54,'Controle de Transferências'!F$5:F$54,11,'Controle de Transferências'!C$5:C$54,Painel!A24) -> 0 | M24: =SUMIFS('Controle de Transferências'!D$5:D$54,'Controle de Transferências'!F$5:F$54,12,'Controle de Transferências'!C$5:C$54,Painel!A24) -> 0 | N24: =SUM(B24:M24) -> 0
A25: Tecnolat | B25: =SUMIFS('Controle de Transferências'!D$5:D$54,'Controle de Transferências'!F$5:F$54,1,'Controle de Transferências'!C$5:C$54,Painel!A25) -> 0 | C25: =SUMIFS('Controle de Transferências'!D$5:D$54,'Controle de Transferências'!F$5:F$54,2,'Controle de Transferências'!C$5:C$54,Painel!A25) -> 0 | D25: =SUMIFS('Controle de Transferências'!D$5:D$54,'Controle de Transferências'!F$5:F$54,3,'Controle de Transferências'!C$5:C$54,Painel!A25) -> 0 | E25: =SUMIFS('Controle de Transferências'!D$5:D$54,'Controle de Transferências'!F$5:F$54,4,'Controle de Transferências'!C$5:C$54,Painel!A25) -> 0 | F25: =SUMIFS('Controle de Transferências'!D$5:D$54,'Controle de Transferências'!F$5:F$54,5,'Controle de Transferências'!C$5:C$54,Painel!A25) -> 0 | G25: =SUMIFS('Controle de Transferências'!D$5:D$54,'Controle de Transferências'!F$5:F$54,6,'Controle de Transferências'!C$5:C$54,Painel!A25) -> 0 | H25: =SUMIFS('Controle de Transferências'!D$5:D$54,'Controle de Transferências'!F$5:F$54,7,'Controle de Transferências'!C$5:C$54,Painel!A25) -> 0 | I25: =SUMIFS('Controle de Transferências'!D$5:D$54,'Controle de Transferências'!F$5:F$54,8,'Controle de Transferências'!C$5:C$54,Painel!A25) -> 0 | J25: =SUMIFS('Controle de Transferências'!D$5:D$54,'Controle de Transferências'!F$5:F$54,9,'Controle de Transferências'!C$5:C$54,Painel!A25) -> 0 | K25: =SUMIFS('Controle de Transferências'!D$5:D$54,'Controle de Transferências'!F$5:F$54,10,'Controle de Transferências'!C$5:C$54,Painel!A25) -> 0 | L25: =SUMIFS('Controle de Transferências'!D$5:D$54,'Controle de Transferências'!F$5:F$54,11,'Controle de Transferências'!C$5:C$54,Painel!A25) -> 0 | M25: =SUMIFS('Controle de Transferências'!D$5:D$54,'Controle de Transferências'!F$5:F$54,12,'Controle de Transferências'!C$5:C$54,Painel!A25) -> 0 | N25: =SUM(B25:M25) -> 0
A26: Total | B26: =SUM(B19:B25) -> 0 | C26: =SUM(C19:C25) -> 0 | D26: =SUM(D19:D25) -> 0 | E26: =SUM(E19:E25) -> 0 | F26: =SUM(F19:F25) -> 0 | G26: =SUM(G19:G25) -> 0 | H26: =SUM(H19:H25) -> 0 | I26: =SUM(I19:I25) -> 0 | ... M26: =SUM(M19:M25) -> 0 | N26: =SUM(B26:M26) -> 0
A29: FQ-08.42 (anexo à IT-08.01.04) - RA - revisão 00 de 08/07/22 - Página 2/2
