Workbook
Name _xlfn_COUNTIFS: none
Name _xlfn_SUMIFS: none
Name Excel_BuiltIn__FilterDatabase: FQ0831_Pag1!$A$8:$J$30
Name ListaAbrangencia: Listas!$C$1:$C$4
Name ListaClassificacao: Listas!$E$1:$E$2
Name ListaImpactos: Listas!$F$1:$F$3
Name ListaMeses: Listas!$A$1:$A$12
Name ListaProcessos: Listas!$D$1:$D$13
Name ListaUnidades: Listas!$B$1:$B$7
Name Origem: #REF!

Sheet FQ0831_Pag1
A1: (LOGO) | B1: CONTROLE DE MELHORIAS
A3: ANO: | D3: (ANO) | H3: ATUALIZADO EM: | I3: =TODAY() -> 46121
A5: 1. Consolidado Melhorias Ital
A7: N° | B7: UNIDADE | C7: MÊS | D7: PROCESSO | E7: IDENTIFICAÇÃO DA MELHORIA | F7: O QUE MELHOROU (Detalhes que justifiquem a classificação do item como melhoria) | G7: ABRANGÊNCIA | H7: Classificação | K7: Análise DG
H8: Produtos e Serviços | I8: Correção e Prevenção | J8: Desempenho e Eficácia SGQ | K8: IMPACTO
A104: OBSERVAÇÃO:
A106: FQ-08.31 (anexo ao PQ-08.01) - RA - revisão 01 de 09/04/26 - Página 1/10

Sheet FQ0831_Pag2
A1: CONTROLE DE MELHORIAS
A2: =FQ0831_Pag1!D3 -> (ANO)
A3: 2. Relatórios
A5: PROCESSOS | B5: CCQA | C5: Cetea | D5: CTC | E5: Cereal Chocotec | F5: DG | G5: Fruthotec | H5: Tecnolat | I5: Ital
A6: Análises/Ensaios | B6: =COUNTIFS(FQ0831_Pag1!B$10:B$102,FQ0831_Pag2!B$5,FQ0831_Pag1!D$10:D$102,FQ0831_Pag2!A6) -> 0 | C6: =COUNTIFS(FQ0831_Pag1!B$10:B$102,FQ0831_Pag2!C$5,FQ0831_Pag1!D$10:D$102,FQ0831_Pag2!A6) -> 0 | D6: =COUNTIFS(FQ0831_Pag1!B$10:B$102,FQ0831_Pag2!D$5,FQ0831_Pag1!D$10:D$102,FQ0831_Pag2!A6) -> 0 | E6: =COUNTIFS(FQ0831_Pag1!B$10:B$102,FQ0831_Pag2!E$5,FQ0831_Pag1!D$10:D$102,FQ0831_Pag2!A6) -> 0 | F6: =COUNTIFS(FQ0831_Pag1!B$10:B$102,FQ0831_Pag2!F$5,FQ0831_Pag1!D$10:D$102,FQ0831_Pag2!A6) -> 0 | G6: =COUNTIFS(FQ0831_Pag1!B$10:B$102,FQ0831_Pag2!G$5,FQ0831_Pag1!D$10:D$102,FQ0831_Pag2!A6) -> 0 | H6: =COUNTIFS(FQ0831_Pag1!B$10:B$102,FQ0831_Pag2!H$5,FQ0831_Pag1!D$10:D$102,FQ0831_Pag2!A6) -> 0 | I6: =SUM(B6:H6) -> 0
A7: Assistência tecnológica | B7: =COUNTIFS(FQ0831_Pag1!B$10:B$102,FQ0831_Pag2!B$5,FQ0831_Pag1!D$10:D$102,FQ0831_Pag2!A7) -> 0 | C7: =COUNTIFS(FQ0831_Pag1!B$10:B$102,FQ0831_Pag2!C$5,FQ0831_Pag1!D$10:D$102,FQ0831_Pag2!A7) -> 0 | D7: =COUNTIFS(FQ0831_Pag1!B$10:B$102,FQ0831_Pag2!D$5,FQ0831_Pag1!D$10:D$102,FQ0831_Pag2!A7) -> 0 | E7: =COUNTIFS(FQ0831_Pag1!B$10:B$102,FQ0831_Pag2!E$5,FQ0831_Pag1!D$10:D$102,FQ0831_Pag2!A7) -> 0 | F7: =COUNTIFS(FQ0831_Pag1!B$10:B$102,FQ0831_Pag2!F$5,FQ0831_Pag1!D$10:D$102,FQ0831_Pag2!A7) -> 0 | G7: =COUNTIFS(FQ0831_Pag1!B$10:B$102,FQ0831_Pag2!G$5,FQ0831_Pag1!D$10:D$102,FQ0831_Pag2!A7) -> 0 | H7: =COUNTIFS(FQ0831_Pag1!B$10:B$102,FQ0831_Pag2!H$5,FQ0831_Pag1!D$10:D$102,FQ0831_Pag2!A7) -> 0 | I7: =SUM(B7:H7) -> 0
A8: Atendimento ao cliente | B8: =COUNTIFS(FQ0831_Pag1!B$10:B$102,FQ0831_Pag2!B$5,FQ0831_Pag1!D$10:D$102,FQ0831_Pag2!A8) -> 0 | C8: =COUNTIFS(FQ0831_Pag1!B$10:B$102,FQ0831_Pag2!C$5,FQ0831_Pag1!D$10:D$102,FQ0831_Pag2!A8) -> 0 | D8: =COUNTIFS(FQ0831_Pag1!B$10:B$102,FQ0831_Pag2!D$5,FQ0831_Pag1!D$10:D$102,FQ0831_Pag2!A8) -> 0 | E8: =COUNTIFS(FQ0831_Pag1!B$10:B$102,FQ0831_Pag2!E$5,FQ0831_Pag1!D$10:D$102,FQ0831_Pag2!A8) -> 0 | F8: =COUNTIFS(FQ0831_Pag1!B$10:B$102,FQ0831_Pag2!F$5,FQ0831_Pag1!D$10:D$102,FQ0831_Pag2!A8) -> 0 | G8: =COUNTIFS(FQ0831_Pag1!B$10:B$102,FQ0831_Pag2!G$5,FQ0831_Pag1!D$10:D$102,FQ0831_Pag2!A8) -> 0 | H8: =COUNTIFS(FQ0831_Pag1!B$10:B$102,FQ0831_Pag2!H$5,FQ0831_Pag1!D$10:D$102,FQ0831_Pag2!A8) -> 0 | I8: =SUM(B8:H8) -> 0
A9: Curso de Pós-Graduação | B9: =COUNTIFS(FQ0831_Pag1!B$10:B$102,FQ0831_Pag2!B$5,FQ0831_Pag1!D$10:D$102,FQ0831_Pag2!A9) -> 0 | C9: =COUNTIFS(FQ0831_Pag1!B$10:B$102,FQ0831_Pag2!C$5,FQ0831_Pag1!D$10:D$102,FQ0831_Pag2!A9) -> 0 | D9: =COUNTIFS(FQ0831_Pag1!B$10:B$102,FQ0831_Pag2!D$5,FQ0831_Pag1!D$10:D$102,FQ0831_Pag2!A9) -> 0 | E9: =COUNTIFS(FQ0831_Pag1!B$10:B$102,FQ0831_Pag2!E$5,FQ0831_Pag1!D$10:D$102,FQ0831_Pag2!A9) -> 0 | F9: =COUNTIFS(FQ0831_Pag1!B$10:B$102,FQ0831_Pag2!F$5,FQ0831_Pag1!D$10:D$102,FQ0831_Pag2!A9) -> 0 | G9: =COUNTIFS(FQ0831_Pag1!B$10:B$102,FQ0831_Pag2!G$5,FQ0831_Pag1!D$10:D$102,FQ0831_Pag2!A9) -> 0 | H9: =COUNTIFS(FQ0831_Pag1!B$10:B$102,FQ0831_Pag2!H$5,FQ0831_Pag1!D$10:D$102,FQ0831_Pag2!A9) -> 0 | I9: =SUM(B9:H9) -> 0
A10: Eventos | B10: =COUNTIFS(FQ0831_Pag1!B$10:B$102,FQ0831_Pag2!B$5,FQ0831_Pag1!D$10:D$102,FQ0831_Pag2!A10) -> 0 | C10: =COUNTIFS(FQ0831_Pag1!B$10:B$102,FQ0831_Pag2!C$5,FQ0831_Pag1!D$10:D$102,FQ0831_Pag2!A10) -> 0 | D10: =COUNTIFS(FQ0831_Pag1!B$10:B$102,FQ0831_Pag2!D$5,FQ0831_Pag1!D$10:D$102,FQ0831_Pag2!A10) -> 0 | E10: =COUNTIFS(FQ0831_Pag1!B$10:B$102,FQ0831_Pag2!E$5,FQ0831_Pag1!D$10:D$102,FQ0831_Pag2!A10) -> 0 | F10: =COUNTIFS(FQ0831_Pag1!B$10:B$102,FQ0831_Pag2!F$5,FQ0831_Pag1!D$10:D$102,FQ0831_Pag2!A10) -> 0 | G10: =COUNTIFS(FQ0831_Pag1!B$10:B$102,FQ0831_Pag2!G$5,FQ0831_Pag1!D$10:D$102,FQ0831_Pag2!A10) -> 0 | H10: =COUNTIFS(FQ0831_Pag1!B$10:B$102,FQ0831_Pag2!H$5,FQ0831_Pag1!D$10:D$102,FQ0831_Pag2!A10) -> 0 | I10: =SUM(B10:H10) -> 0
A11: Gestão da Qualidade | B11: =COUNTIFS(FQ0831_Pag1!B$10:B$102,FQ0831_Pag2!B$5,FQ0831_Pag1!D$10:D$102,FQ0831_Pag2!A11) -> 0 | C11: =COUNTIFS(FQ0831_Pag1!B$10:B$102,FQ0831_Pag2!C$5,FQ0831_Pag1!D$10:D$102,FQ0831_Pag2!A11) -> 0 | D11: =COUNTIFS(FQ0831_Pag1!B$10:B$102,FQ0831_Pag2!D$5,FQ0831_Pag1!D$10:D$102,FQ0831_Pag2!A11) -> 0 | E11: =COUNTIFS(FQ0831_Pag1!B$10:B$102,FQ0831_Pag2!E$5,FQ0831_Pag1!D$10:D$102,FQ0831_Pag2!A11) -> 0 | F11: =COUNTIFS(FQ0831_Pag1!B$10:B$102,FQ0831_Pag2!F$5,FQ0831_Pag1!D$10:D$102,FQ0831_Pag2!A11) -> 0 | G11: =COUNTIFS(FQ0831_Pag1!B$10:B$102,FQ0831_Pag2!G$5,FQ0831_Pag1!D$10:D$102,FQ0831_Pag2!A11) -> 0 | H11: =COUNTIFS(FQ0831_Pag1!B$10:B$102,FQ0831_Pag2!H$5,FQ0831_Pag1!D$10:D$102,FQ0831_Pag2!A11) -> 0 | I11: =SUM(B11:H11) -> 0
A12: Gestão de Recursos Humanos | B12: =COUNTIFS(FQ0831_Pag1!B$10:B$102,FQ0831_Pag2!B$5,FQ0831_Pag1!D$10:D$102,FQ0831_Pag2!A12) -> 0 | C12: =COUNTIFS(FQ0831_Pag1!B$10:B$102,FQ0831_Pag2!C$5,FQ0831_Pag1!D$10:D$102,FQ0831_Pag2!A12) -> 0 | D12: =COUNTIFS(FQ0831_Pag1!B$10:B$102,FQ0831_Pag2!D$5,FQ0831_Pag1!D$10:D$102,FQ0831_Pag2!A12) -> 0 | E12: =COUNTIFS(FQ0831_Pag1!B$10:B$102,FQ0831_Pag2!E$5,FQ0831_Pag1!D$10:D$102,FQ0831_Pag2!A12) -> 0 | F12: =COUNTIFS(FQ0831_Pag1!B$10:B$102,FQ0831_Pag2!F$5,FQ0831_Pag1!D$10:D$102,FQ0831_Pag2!A12) -> 0 | G12: =COUNTIFS(FQ0831_Pag1!B$10:B$102,FQ0831_Pag2!G$5,FQ0831_Pag1!D$10:D$102,FQ0831_Pag2!A12) -> 0 | H12: =COUNTIFS(FQ0831_Pag1!B$10:B$102,FQ0831_Pag2!H$5,FQ0831_Pag1!D$10:D$102,FQ0831_Pag2!A12) -> 0 | I12: =SUM(B12:H12) -> 0
A13: Gestão Estratégica | B13: =COUNTIFS(FQ0831_Pag1!B$10:B$102,FQ0831_Pag2!B$5,FQ0831_Pag1!D$10:D$102,FQ0831_Pag2!A13) -> 0 | C13: =COUNTIFS(FQ0831_Pag1!B$10:B$102,FQ0831_Pag2!C$5,FQ0831_Pag1!D$10:D$102,FQ0831_Pag2!A13) -> 0 | D13: =COUNTIFS(FQ0831_Pag1!B$10:B$102,FQ0831_Pag2!D$5,FQ0831_Pag1!D$10:D$102,FQ0831_Pag2!A13) -> 0 | E13: =COUNTIFS(FQ0831_Pag1!B$10:B$102,FQ0831_Pag2!E$5,FQ0831_Pag1!D$10:D$102,FQ0831_Pag2!A13) -> 0 | F13: =COUNTIFS(FQ0831_Pag1!B$10:B$102,FQ0831_Pag2!F$5,FQ0831_Pag1!D$10:D$102,FQ0831_Pag2!A13) -> 0 | G13: =COUNTIFS(FQ0831_Pag1!B$10:B$102,FQ0831_Pag2!G$5,FQ0831_Pag1!D$10:D$102,FQ0831_Pag2!A13) -> 0 | H13: =COUNTIFS(FQ0831_Pag1!B$10:B$102,FQ0831_Pag2!H$5,FQ0831_Pag1!D$10:D$102,FQ0831_Pag2!A13) -> 0 | I13: =SUM(B13:H13) -> 0
A14: Informações tecnológicas | B14: =COUNTIFS(FQ0831_Pag1!B$10:B$102,FQ0831_Pag2!B$5,FQ0831_Pag1!D$10:D$102,FQ0831_Pag2!A14) -> 0 | C14: =COUNTIFS(FQ0831_Pag1!B$10:B$102,FQ0831_Pag2!C$5,FQ0831_Pag1!D$10:D$102,FQ0831_Pag2!A14) -> 0 | D14: =COUNTIFS(FQ0831_Pag1!B$10:B$102,FQ0831_Pag2!D$5,FQ0831_Pag1!D$10:D$102,FQ0831_Pag2!A14) -> 0 | E14: =COUNTIFS(FQ0831_Pag1!B$10:B$102,FQ0831_Pag2!E$5,FQ0831_Pag1!D$10:D$102,FQ0831_Pag2!A14) -> 0 | F14: =COUNTIFS(FQ0831_Pag1!B$10:B$102,FQ0831_Pag2!F$5,FQ0831_Pag1!D$10:D$102,FQ0831_Pag2!A14) -> 0 | G14: =COUNTIFS(FQ0831_Pag1!B$10:B$102,FQ0831_Pag2!G$5,FQ0831_Pag1!D$10:D$102,FQ0831_Pag2!A14) -> 0 | H14: =COUNTIFS(FQ0831_Pag1!B$10:B$102,FQ0831_Pag2!H$5,FQ0831_Pag1!D$10:D$102,FQ0831_Pag2!A14) -> 0 | I14: =SUM(B14:H14) -> 0
A15: Projetos | B15: =COUNTIFS(FQ0831_Pag1!B$10:B$102,FQ0831_Pag2!B$5,FQ0831_Pag1!D$10:D$102,FQ0831_Pag2!A15) -> 0 | C15: =COUNTIFS(FQ0831_Pag1!B$10:B$102,FQ0831_Pag2!C$5,FQ0831_Pag1!D$10:D$102,FQ0831_Pag2!A15) -> 0 | D15: =COUNTIFS(FQ0831_Pag1!B$10:B$102,FQ0831_Pag2!D$5,FQ0831_Pag1!D$10:D$102,FQ0831_Pag2!A15) -> 0 | E15: =COUNTIFS(FQ0831_Pag1!B$10:B$102,FQ0831_Pag2!E$5,FQ0831_Pag1!D$10:D$102,FQ0831_Pag2!A15) -> 0 | F15: =COUNTIFS(FQ0831_Pag1!B$10:B$102,FQ0831_Pag2!F$5,FQ0831_Pag1!D$10:D$102,FQ0831_Pag2!A15) -> 0 | G15: =COUNTIFS(FQ0831_Pag1!B$10:B$102,FQ0831_Pag2!G$5,FQ0831_Pag1!D$10:D$102,FQ0831_Pag2!A15) -> 0 | H15: =COUNTIFS(FQ0831_Pag1!B$10:B$102,FQ0831_Pag2!H$5,FQ0831_Pag1!D$10:D$102,FQ0831_Pag2!A15) -> 0 | I15: =SUM(B15:H15) -> 0
A16: Publicações técnicas/científicas (artigos, livros ou manuais técnicos) | B16: =COUNTIFS(FQ0831_Pag1!B$10:B$102,FQ0831_Pag2!B$5,FQ0831_Pag1!D$10:D$102,FQ0831_Pag2!A16) -> 0 | C16: =COUNTIFS(FQ0831_Pag1!B$10:B$102,FQ0831_Pag2!C$5,FQ0831_Pag1!D$10:D$102,FQ0831_Pag2!A16) -> 0 | D16: =COUNTIFS(FQ0831_Pag1!B$10:B$102,FQ0831_Pag2!D$5,FQ0831_Pag1!D$10:D$102,FQ0831_Pag2!A16) -> 0 | E16: =COUNTIFS(FQ0831_Pag1!B$10:B$102,FQ0831_Pag2!E$5,FQ0831_Pag1!D$10:D$102,FQ0831_Pag2!A16) -> 0 | F16: =COUNTIFS(FQ0831_Pag1!B$10:B$102,FQ0831_Pag2!F$5,FQ0831_Pag1!D$10:D$102,FQ0831_Pag2!A16) -> 0 | G16: =COUNTIFS(FQ0831_Pag1!B$10:B$102,FQ0831_Pag2!G$5,FQ0831_Pag1!D$10:D$102,FQ0831_Pag2!A16) -> 0 | H16: =COUNTIFS(FQ0831_Pag1!B$10:B$102,FQ0831_Pag2!H$5,FQ0831_Pag1!D$10:D$102,FQ0831_Pag2!A16) -> 0 | I16: =SUM(B16:H16) -> 0
A17: Suporte administrativo e operacional | B17: =COUNTIFS(FQ0831_Pag1!B$10:B$102,FQ0831_Pag2!B$5,FQ0831_Pag1!D$10:D$102,FQ0831_Pag2!A17) -> 0 | C17: =COUNTIFS(FQ0831_Pag1!B$10:B$102,FQ0831_Pag2!C$5,FQ0831_Pag1!D$10:D$102,FQ0831_Pag2!A17) -> 0 | D17: =COUNTIFS(FQ0831_Pag1!B$10:B$102,FQ0831_Pag2!D$5,FQ0831_Pag1!D$10:D$102,FQ0831_Pag2!A17) -> 0 | E17: =COUNTIFS(FQ0831_Pag1!B$10:B$102,FQ0831_Pag2!E$5,FQ0831_Pag1!D$10:D$102,FQ0831_Pag2!A17) -> 0 | F17: =COUNTIFS(FQ0831_Pag1!B$10:B$102,FQ0831_Pag2!F$5,FQ0831_Pag1!D$10:D$102,FQ0831_Pag2!A17) -> 0 | G17: =COUNTIFS(FQ0831_Pag1!B$10:B$102,FQ0831_Pag2!G$5,FQ0831_Pag1!D$10:D$102,FQ0831_Pag2!A17) -> 0 | H17: =COUNTIFS(FQ0831_Pag1!B$10:B$102,FQ0831_Pag2!H$5,FQ0831_Pag1!D$10:D$102,FQ0831_Pag2!A17) -> 0 | I17: =SUM(B17:H17) -> 0
A18: Treinamentos/cursos fechados | B18: =COUNTIFS(FQ0831_Pag1!B$10:B$102,FQ0831_Pag2!B$5,FQ0831_Pag1!D$10:D$102,FQ0831_Pag2!A18) -> 0 | C18: =COUNTIFS(FQ0831_Pag1!B$10:B$102,FQ0831_Pag2!C$5,FQ0831_Pag1!D$10:D$102,FQ0831_Pag2!A18) -> 0 | D18: =COUNTIFS(FQ0831_Pag1!B$10:B$102,FQ0831_Pag2!D$5,FQ0831_Pag1!D$10:D$102,FQ0831_Pag2!A18) -> 0 | E18: =COUNTIFS(FQ0831_Pag1!B$10:B$102,FQ0831_Pag2!E$5,FQ0831_Pag1!D$10:D$102,FQ0831_Pag2!A18) -> 0 | F18: =COUNTIFS(FQ0831_Pag1!B$10:B$102,FQ0831_Pag2!F$5,FQ0831_Pag1!D$10:D$102,FQ0831_Pag2!A18) -> 0 | G18: =COUNTIFS(FQ0831_Pag1!B$10:B$102,FQ0831_Pag2!G$5,FQ0831_Pag1!D$10:D$102,FQ0831_Pag2!A18) -> 0 | H18: =COUNTIFS(FQ0831_Pag1!B$10:B$102,FQ0831_Pag2!H$5,FQ0831_Pag1!D$10:D$102,FQ0831_Pag2!A18) -> 0 | I18: =SUM(B18:H18) -> 0
A19: Total | B19: =SUM(B6:B18) -> 0 | C19: =SUM(C6:C18) -> 0 | D19: =SUM(D6:D18) -> 0 | E19: =SUM(E6:E18) -> 0 | F19: =SUM(F6:F18) -> 0 | G19: =SUM(G6:G18) -> 0 | H19: =SUM(H6:H18) -> 0 | I19: =SUM(I6:I18) -> 0
A21: ABRANGÊNCIA | B21: =B5 -> CCQA | C21: =C5 -> Cetea | D21: =D5 -> CTC | E21: =E5 -> Cereal Chocotec | F21: =F5 -> DG | G21: =G5 -> Fruthotec | H21: =H5 -> Tecnolat | I21: =I5 -> Ital
A22: Restrita a uma área da Unidade | B22: =COUNTIFS(FQ0831_Pag1!B$10:B$102,FQ0831_Pag2!B$5,FQ0831_Pag1!G$10:G$102,FQ0831_Pag2!A22) -> 0 | C22: =COUNTIFS(FQ0831_Pag1!B$10:B$102,FQ0831_Pag2!C$5,FQ0831_Pag1!G$10:G$102,FQ0831_Pag2!A22) -> 0 | D22: =COUNTIFS(FQ0831_Pag1!B$10:B$102,FQ0831_Pag2!D$5,FQ0831_Pag1!G$10:G$102,FQ0831_Pag2!A22) -> 0 | E22: =COUNTIFS(FQ0831_Pag1!B$10:B$102,FQ0831_Pag2!E$5,FQ0831_Pag1!G$10:G$102,FQ0831_Pag2!A22) -> 0 | F22: =COUNTIFS(FQ0831_Pag1!B$10:B$102,FQ0831_Pag2!F$5,FQ0831_Pag1!G$10:G$102,FQ0831_Pag2!A22) -> 0 | G22: =COUNTIFS(FQ0831_Pag1!B$10:B$102,FQ0831_Pag2!G$5,FQ0831_Pag1!G$10:G$102,FQ0831_Pag2!A22) -> 0 | H22: =COUNTIFS(FQ0831_Pag1!B$10:B$102,FQ0831_Pag2!H$5,FQ0831_Pag1!G$10:G$102,FQ0831_Pag2!A22) -> 0 | I22: =SUM(B22:H22) -> 0
A23: Restrito à Unidade | B23: =COUNTIFS(FQ0831_Pag1!B$10:B$102,FQ0831_Pag2!B$5,FQ0831_Pag1!G$10:G$102,FQ0831_Pag2!A23) -> 0 | C23: =COUNTIFS(FQ0831_Pag1!B$10:B$102,FQ0831_Pag2!C$5,FQ0831_Pag1!G$10:G$102,FQ0831_Pag2!A23) -> 0 | D23: =COUNTIFS(FQ0831_Pag1!B$10:B$102,FQ0831_Pag2!D$5,FQ0831_Pag1!G$10:G$102,FQ0831_Pag2!A23) -> 0 | E23: =COUNTIFS(FQ0831_Pag1!B$10:B$102,FQ0831_Pag2!E$5,FQ0831_Pag1!G$10:G$102,FQ0831_Pag2!A23) -> 0 | F23: =COUNTIFS(FQ0831_Pag1!B$10:B$102,FQ0831_Pag2!F$5,FQ0831_Pag1!G$10:G$102,FQ0831_Pag2!A23) -> 0 | G23: =COUNTIFS(FQ0831_Pag1!B$10:B$102,FQ0831_Pag2!G$5,FQ0831_Pag1!G$10:G$102,FQ0831_Pag2!A23) -> 0 | H23: =COUNTIFS(FQ0831_Pag1!B$10:B$102,FQ0831_Pag2!H$5,FQ0831_Pag1!G$10:G$102,FQ0831_Pag2!A23) -> 0 | I23: =SUM(B23:H23) -> 0
A24: Abrange mais de uma Unidade | B24: =COUNTIFS(FQ0831_Pag1!B$10:B$102,FQ0831_Pag2!B$5,FQ0831_Pag1!G$10:G$102,FQ0831_Pag2!A24) -> 0 | C24: =COUNTIFS(FQ0831_Pag1!B$10:B$102,FQ0831_Pag2!C$5,FQ0831_Pag1!G$10:G$102,FQ0831_Pag2!A24) -> 0 | D24: =COUNTIFS(FQ0831_Pag1!B$10:B$102,FQ0831_Pag2!D$5,FQ0831_Pag1!G$10:G$102,FQ0831_Pag2!A24) -> 0 | E24: =COUNTIFS(FQ0831_Pag1!B$10:B$102,FQ0831_Pag2!E$5,FQ0831_Pag1!G$10:G$102,FQ0831_Pag2!A24) -> 0 | F24: =COUNTIFS(FQ0831_Pag1!B$10:B$102,FQ0831_Pag2!F$5,FQ0831_Pag1!G$10:G$102,FQ0831_Pag2!A24) -> 0 | G24: =COUNTIFS(FQ0831_Pag1!B$10:B$102,FQ0831_Pag2!G$5,FQ0831_Pag1!G$10:G$102,FQ0831_Pag2!A24) -> 0 | H24: =COUNTIFS(FQ0831_Pag1!B$10:B$102,FQ0831_Pag2!H$5,FQ0831_Pag1!G$10:G$102,FQ0831_Pag2!A24) -> 0 | I24: =SUM(B24:H24) -> 0
A25: Institucional (todas as Unidades) | B25: =COUNTIFS(FQ0831_Pag1!B$10:B$102,FQ0831_Pag2!B$5,FQ0831_Pag1!G$10:G$102,FQ0831_Pag2!A25) -> 0 | C25: =COUNTIFS(FQ0831_Pag1!B$10:B$102,FQ0831_Pag2!C$5,FQ0831_Pag1!G$10:G$102,FQ0831_Pag2!A25) -> 0 | D25: =COUNTIFS(FQ0831_Pag1!B$10:B$102,FQ0831_Pag2!D$5,FQ0831_Pag1!G$10:G$102,FQ0831_Pag2!A25) -> 0 | E25: =COUNTIFS(FQ0831_Pag1!B$10:B$102,FQ0831_Pag2!E$5,FQ0831_Pag1!G$10:G$102,FQ0831_Pag2!A25) -> 0 | F25: =COUNTIFS(FQ0831_Pag1!B$10:B$102,FQ0831_Pag2!F$5,FQ0831_Pag1!G$10:G$102,FQ0831_Pag2!A25) -> 0 | G25: =COUNTIFS(FQ0831_Pag1!B$10:B$102,FQ0831_Pag2!G$5,FQ0831_Pag1!G$10:G$102,FQ0831_Pag2!A25) -> 0 | H25: =COUNTIFS(FQ0831_Pag1!B$10:B$102,FQ0831_Pag2!H$5,FQ0831_Pag1!G$10:G$102,FQ0831_Pag2!A25) -> 0 | I25: =SUM(B25:H25) -> 0
A26: Total | B26: =SUM(B22:B25) -> 0 | C26: =SUM(C22:C25) -> 0 | D26: =SUM(D22:D25) -> 0 | E26: =SUM(E22:E25) -> 0 | F26: =SUM(F22:F25) -> 0 | G26: =SUM(G22:G25) -> 0 | H26: =SUM(H22:H25) -> 0 | I26: =SUM(I22:I25) -> 0
A28: IMPACTO | B28: CCQA | C28: Cetea | D28: CTC | E28: Cereal Chocotec | F28: DG | G28: Fruthotec | H28: Tecnolat | I28: Ital
A29: Baixo | B29: =COUNTIFS(FQ0831_Pag1!B$10:B$102,FQ0831_Pag2!B$5,FQ0831_Pag1!K$10:K$102,FQ0831_Pag2!A29) -> 0 | C29: =COUNTIFS(FQ0831_Pag1!B$10:B$102,FQ0831_Pag2!C$5,FQ0831_Pag1!K$10:K$102,FQ0831_Pag2!A29) -> 0 | D29: =COUNTIFS(FQ0831_Pag1!B$10:B$102,FQ0831_Pag2!D$5,FQ0831_Pag1!K$10:K$102,FQ0831_Pag2!A29) -> 0 | E29: =COUNTIFS(FQ0831_Pag1!B$10:B$102,FQ0831_Pag2!E$5,FQ0831_Pag1!K$10:K$102,FQ0831_Pag2!A29) -> 0 | F29: =COUNTIFS(FQ0831_Pag1!B$10:B$102,FQ0831_Pag2!F$5,FQ0831_Pag1!K$10:K$102,FQ0831_Pag2!A29) -> 0 | G29: =COUNTIFS(FQ0831_Pag1!B$10:B$102,FQ0831_Pag2!G$5,FQ0831_Pag1!K$10:K$102,FQ0831_Pag2!A29) -> 0 | H29: =COUNTIFS(FQ0831_Pag1!B$10:B$102,FQ0831_Pag2!H$5,FQ0831_Pag1!K$10:K$102,FQ0831_Pag2!A29) -> 0 | I29: =SUM(B29:H29) -> 0
A30: Médio | B30: =COUNTIFS(FQ0831_Pag1!B$10:B$102,FQ0831_Pag2!B$5,FQ0831_Pag1!K$10:K$102,FQ0831_Pag2!A30) -> 0 | C30: =COUNTIFS(FQ0831_Pag1!B$10:B$102,FQ0831_Pag2!C$5,FQ0831_Pag1!K$10:K$102,FQ0831_Pag2!A30) -> 0 | D30: =COUNTIFS(FQ0831_Pag1!B$10:B$102,FQ0831_Pag2!D$5,FQ0831_Pag1!K$10:K$102,FQ0831_Pag2!A30) -> 0 | E30: =COUNTIFS(FQ0831_Pag1!B$10:B$102,FQ0831_Pag2!E$5,FQ0831_Pag1!K$10:K$102,FQ0831_Pag2!A30) -> 0 | F30: =COUNTIFS(FQ0831_Pag1!B$10:B$102,FQ0831_Pag2!F$5,FQ0831_Pag1!K$10:K$102,FQ0831_Pag2!A30) -> 0 | G30: =COUNTIFS(FQ0831_Pag1!B$10:B$102,FQ0831_Pag2!G$5,FQ0831_Pag1!K$10:K$102,FQ0831_Pag2!A30) -> 0 | H30: =COUNTIFS(FQ0831_Pag1!B$10:B$102,FQ0831_Pag2!H$5,FQ0831_Pag1!K$10:K$102,FQ0831_Pag2!A30) -> 0 | I30: =SUM(B30:H30) -> 0
A31: Alto | B31: =COUNTIFS(FQ0831_Pag1!B$10:B$102,FQ0831_Pag2!B$5,FQ0831_Pag1!K$10:K$102,FQ0831_Pag2!A31) -> 0 | C31: =COUNTIFS(FQ0831_Pag1!B$10:B$102,FQ0831_Pag2!C$5,FQ0831_Pag1!K$10:K$102,FQ0831_Pag2!A31) -> 0 | D31: =COUNTIFS(FQ0831_Pag1!B$10:B$102,FQ0831_Pag2!D$5,FQ0831_Pag1!K$10:K$102,FQ0831_Pag2!A31) -> 0 | E31: =COUNTIFS(FQ0831_Pag1!B$10:B$102,FQ0831_Pag2!E$5,FQ0831_Pag1!K$10:K$102,FQ0831_Pag2!A31) -> 0 | F31: =COUNTIFS(FQ0831_Pag1!B$10:B$102,FQ0831_Pag2!F$5,FQ0831_Pag1!K$10:K$102,FQ0831_Pag2!A31) -> 0 | G31: =COUNTIFS(FQ0831_Pag1!B$10:B$102,FQ0831_Pag2!G$5,FQ0831_Pag1!K$10:K$102,FQ0831_Pag2!A31) -> 0 | H31: =COUNTIFS(FQ0831_Pag1!B$10:B$102,FQ0831_Pag2!H$5,FQ0831_Pag1!K$10:K$102,FQ0831_Pag2!A31) -> 0 | I31: =SUM(B31:H31) -> 0
A32: Total | B32: =SUM(B29:B31) -> 0 | C32: =SUM(C29:C31) -> 0 | D32: =SUM(D29:D31) -> 0 | E32: =SUM(E29:E31) -> 0 | F32: =SUM(F29:F31) -> 0 | G32: =SUM(G29:G31) -> 0 | H32: =SUM(H29:H31) -> 0 | I32: =SUM(I29:I31) -> 0
A35: FQ-08.31 (anexo ao PQ-08.01) - RA - revisão 01 de 09/04/26 - Página 2/10

Sheet FQ0831_Pag3
A1: CONTROLE DE MELHORIAS
A2: =FQ0831_Pag1!D3 -> (ANO)
A4: 3. Instruções para análise de impacto
A6: 🟢 Impacto BAIXO
A8: Melhoria pontual, local ou operacional
A9: Sem efeito direto no cliente
A10: Pequena otimização (ex: organização, padronização simples)
A11: Baixo ou nenhum ganho financeiro
A12: Não afeta indicadores estratégicos
A14: 🟡 Impacto MÉDIO
A16: Melhoria com efeito em um processo ou área
A17: Pode impactar indicadores internos
A18: Reduz retrabalho, tempo ou falhas moderadamente
A19: Algum ganho financeiro ou de produtividade
... A31: FQ-08.31 (anexo ao PQ-08.01) - RA - revisão 01 de 09/04/26 - Página 3/10

Sheet Listas
A1: jan | B1: CCQA | C1: Restrita a uma área da Unidade | D1: Análises/Ensaios | E1: X | F1: Baixo
A2: fev | B2: Cetea | C2: Restrito à Unidade | D2: Assistência tecnológica | F2: Médio
A3: mar | B3: CTC | C3: Abrange mais de uma Unidade | D3: Atendimento ao cliente | F3: Alto
A4: abr | B4: Cereal Chocotec | C4: Institucional (todas as Unidades) | D4: Curso de Pós-Graduação
A5: mai | B5: DG | D5: Eventos
A6: jun | B6: Fruthotec | D6: Gestão da Qualidade
A7: jul | B7: Tecnolat | D7: Gestão de Recursos Humanos
A8: ago | D8: Gestão Estratégica
A9: set | D9: Informações tecnológicas
A10: out | D10: Projetos
A11: nov | D11: Publicações técnicas/científicas (artigos, livros ou manuais técnicos)
A12: dez | D12: Suporte administrativo e operacional
D13: Treinamentos/cursos fechados

Sheet CCQA
A1: (LOGO UNIDADE) | B1: CONTROLE DE MELHORIAS
A3: ANO: | D3: =IF(FQ0831_Pag1!D3="","",FQ0831_Pag1!D3) -> (ANO) | H3: ATUALIZADO EM: | I3: =IF(FQ0831_Pag1!I3="","",FQ0831_Pag1!I3) -> 46121
A5: 1.1 Identificação das melhorias pelas Unidades
A7: N° | B7: UNIDADE | C7: MÊS | D7: PROCESSO | E7: IDENTIFICAÇÃO DA MELHORIA | F7: O QUE MELHOROU (Detalhes que justifiquem a classificação do item como melhoria) | G7: ABRANGÊNCIA | H7: Classificação | K7: Análise DG
H8: Produtos e Serviços | I8: Correção e Prevenção | J8: Desempenho e Eficácia SGQ | K8: IMPACTO
A10: =IF(COUNTA(B10:K10)=0,"",ROW()-9)
A11: =IF(COUNTA(B11:K11)=0,"",ROW()-9)
A12: =IF(COUNTA(B12:K12)=0,"",ROW()-9)
A13: =IF(COUNTA(B13:K13)=0,"",ROW()-9)
A14: =IF(COUNTA(B14:K14)=0,"",ROW()-9)
A15: =IF(COUNTA(B15:K15)=0,"",ROW()-9)
A16: =IF(COUNTA(B16:K16)=0,"",ROW()-9)
A17: =IF(COUNTA(B17:K17)=0,"",ROW()-9)
A18: =IF(COUNTA(B18:K18)=0,"",ROW()-9)
A19: =IF(COUNTA(B19:K19)=0,"",ROW()-9)
A20: =IF(COUNTA(B20:K20)=0,"",ROW()-9)
A21: =IF(COUNTA(B21:K21)=0,"",ROW()-9)
... A55: =IF(COUNTA(B55:K55)=0,"",ROW()-9)
A57: OBSERVAÇÃO:
A59: FQ-08.31 (anexo ao PQ-08.01) - RA - revisão 01 de 09/04/26 - Página 4/10

Sheet Cetea
A1: (LOGO UNIDADE) | B1: CONTROLE DE MELHORIAS
A3: ANO: | D3: =IF(FQ0831_Pag1!D3="","",FQ0831_Pag1!D3) -> (ANO) | H3: ATUALIZADO EM: | I3: =IF(FQ0831_Pag1!I3="","",FQ0831_Pag1!I3) -> 46121
A5: 1.1 Identificação das melhorias pelas Unidades
A7: N° | B7: UNIDADE | C7: MÊS | D7: PROCESSO | E7: IDENTIFICAÇÃO DA MELHORIA | F7: O QUE MELHOROU (Detalhes que justifiquem a classificação do item como melhoria) | G7: ABRANGÊNCIA | H7: Classificação | K7: Análise DG
H8: Produtos e Serviços | I8: Correção e Prevenção | J8: Desempenho e Eficácia SGQ | K8: IMPACTO
A10: =IF(COUNTA(B10:K10)=0,"",ROW()-9)
A11: =IF(COUNTA(B11:K11)=0,"",ROW()-9)
A12: =IF(COUNTA(B12:K12)=0,"",ROW()-9)
A13: =IF(COUNTA(B13:K13)=0,"",ROW()-9)
A14: =IF(COUNTA(B14:K14)=0,"",ROW()-9)
A15: =IF(COUNTA(B15:K15)=0,"",ROW()-9)
A16: =IF(COUNTA(B16:K16)=0,"",ROW()-9)
A17: =IF(COUNTA(B17:K17)=0,"",ROW()-9)
A18: =IF(COUNTA(B18:K18)=0,"",ROW()-9)
A19: =IF(COUNTA(B19:K19)=0,"",ROW()-9)
A20: =IF(COUNTA(B20:K20)=0,"",ROW()-9)
A21: =IF(COUNTA(B21:K21)=0,"",ROW()-9)
... A55: =IF(COUNTA(B55:K55)=0,"",ROW()-9)
A57: OBSERVAÇÃO:
A59: FQ-08.31 (anexo ao PQ-08.01) - RA - revisão 01 de 09/04/26 - Página 5/10

Sheet CTC
A1: (LOGO UNIDADE) | B1: CONTROLE DE MELHORIAS
A3: ANO: | D3: =IF(FQ0831_Pag1!D3="","",FQ0831_Pag1!D3) -> (ANO) | H3: ATUALIZADO EM: | I3: =IF(FQ0831_Pag1!I3="","",FQ0831_Pag1!I3) -> 46121
A5: 1.1 Identificação das melhorias pelas Unidades
A7: N° | B7: UNIDADE | C7: MÊS | D7: PROCESSO | E7: IDENTIFICAÇÃO DA MELHORIA | F7: O QUE MELHOROU (Detalhes que justifiquem a classificação do item como melhoria) | G7: ABRANGÊNCIA | H7: Classificação | K7: Análise DG
H8: Produtos e Serviços | I8: Correção e Prevenção | J8: Desempenho e Eficácia SGQ | K8: IMPACTO
A10: =IF(COUNTA(B10:K10)=0,"",ROW()-9)
A11: =IF(COUNTA(B11:K11)=0,"",ROW()-9)
A12: =IF(COUNTA(B12:K12)=0,"",ROW()-9)
A13: =IF(COUNTA(B13:K13)=0,"",ROW()-9)
A14: =IF(COUNTA(B14:K14)=0,"",ROW()-9)
A15: =IF(COUNTA(B15:K15)=0,"",ROW()-9)
A16: =IF(COUNTA(B16:K16)=0,"",ROW()-9)
A17: =IF(COUNTA(B17:K17)=0,"",ROW()-9)
A18: =IF(COUNTA(B18:K18)=0,"",ROW()-9)
A19: =IF(COUNTA(B19:K19)=0,"",ROW()-9)
A20: =IF(COUNTA(B20:K20)=0,"",ROW()-9)
A21: =IF(COUNTA(B21:K21)=0,"",ROW()-9)
... A55: =IF(COUNTA(B55:K55)=0,"",ROW()-9)
A57: OBSERVAÇÃO:
A59: FQ-08.31 (anexo ao PQ-08.01) - RA - revisão 01 de 09/04/26 - Página 6/10

Sheet Cereal Chocotec
A1: (LOGO UNIDADE) | B1: CONTROLE DE MELHORIAS
A3: ANO: | D3: =IF(FQ0831_Pag1!D3="","",FQ0831_Pag1!D3) -> (ANO) | H3: ATUALIZADO EM: | I3: =IF(FQ0831_Pag1!I3="","",FQ0831_Pag1!I3) -> 46121
A5: 1.1 Identificação das melhorias pelas Unidades
A7: N° | B7: UNIDADE | C7: MÊS | D7: PROCESSO | E7: IDENTIFICAÇÃO DA MELHORIA | F7: O QUE MELHOROU (Detalhes que justifiquem a classificação do item como melhoria) | G7: ABRANGÊNCIA | H7: Classificação | K7: Análise DG
H8: Produtos e Serviços | I8: Correção e Prevenção | J8: Desempenho e Eficácia SGQ | K8: IMPACTO
A10: =IF(COUNTA(B10:K10)=0,"",ROW()-9)
A11: =IF(COUNTA(B11:K11)=0,"",ROW()-9)
A12: =IF(COUNTA(B12:K12)=0,"",ROW()-9)
A13: =IF(COUNTA(B13:K13)=0,"",ROW()-9)
A14: =IF(COUNTA(B14:K14)=0,"",ROW()-9)
A15: =IF(COUNTA(B15:K15)=0,"",ROW()-9)
A16: =IF(COUNTA(B16:K16)=0,"",ROW()-9)
A17: =IF(COUNTA(B17:K17)=0,"",ROW()-9)
A18: =IF(COUNTA(B18:K18)=0,"",ROW()-9)
A19: =IF(COUNTA(B19:K19)=0,"",ROW()-9)
A20: =IF(COUNTA(B20:K20)=0,"",ROW()-9)
A21: =IF(COUNTA(B21:K21)=0,"",ROW()-9)
... A55: =IF(COUNTA(B55:K55)=0,"",ROW()-9)
A57: OBSERVAÇÃO:
A59: FQ-08.31 (anexo ao PQ-08.01) - RA - revisão 01 de 09/04/26 - Página 7/10

Sheet DG
A1: (LOGO UNIDADE) | B1: CONTROLE DE MELHORIAS
A3: ANO: | D3: =IF(FQ0831_Pag1!D3="","",FQ0831_Pag1!D3) -> (ANO) | H3: ATUALIZADO EM: | I3: =IF(FQ0831_Pag1!I3="","",FQ0831_Pag1!I3) -> 46121
A5: 1.1 Identificação das melhorias pelas Unidades
A7: N° | B7: UNIDADE | C7: MÊS | D7: PROCESSO | E7: IDENTIFICAÇÃO DA MELHORIA | F7: O QUE MELHOROU (Detalhes que justifiquem a classificação do item como melhoria) | G7: ABRANGÊNCIA | H7: Classificação | K7: Análise DG
H8: Produtos e Serviços | I8: Correção e Prevenção | J8: Desempenho e Eficácia SGQ | K8: IMPACTO
A10: =IF(COUNTA(B10:K10)=0,"",ROW()-9)
A11: =IF(COUNTA(B11:K11)=0,"",ROW()-9)
A12: =IF(COUNTA(B12:K12)=0,"",ROW()-9)
A13: =IF(COUNTA(B13:K13)=0,"",ROW()-9)
A14: =IF(COUNTA(B14:K14)=0,"",ROW()-9)
A15: =IF(COUNTA(B15:K15)=0,"",ROW()-9)
A16: =IF(COUNTA(B16:K16)=0,"",ROW()-9)
A17: =IF(COUNTA(B17:K17)=0,"",ROW()-9)
A18: =IF(COUNTA(B18:K18)=0,"",ROW()-9)
A19: =IF(COUNTA(B19:K19)=0,"",ROW()-9)
A20: =IF(COUNTA(B20:K20)=0,"",ROW()-9)
A21: =IF(COUNTA(B21:K21)=0,"",ROW()-9)
... A55: =IF(COUNTA(B55:K55)=0,"",ROW()-9)
A57: OBSERVAÇÃO:
A59: FQ-08.31 (anexo ao PQ-08.01) - RA - revisão 01 de 09/04/26 - Página 8/10

Sheet Fruthotec
A1: (LOGO UNIDADE) | B1: CONTROLE DE MELHORIAS
A3: ANO: | D3: =IF(FQ0831_Pag1!D3="","",FQ0831_Pag1!D3) -> (ANO) | H3: ATUALIZADO EM: | I3: =IF(FQ0831_Pag1!I3="","",FQ0831_Pag1!I3) -> 46121
A5: 1.1 Identificação das melhorias pelas Unidades
A7: N° | B7: UNIDADE | C7: MÊS | D7: PROCESSO | E7: IDENTIFICAÇÃO DA MELHORIA | F7: O QUE MELHOROU (Detalhes que justifiquem a classificação do item como melhoria) | G7: ABRANGÊNCIA | H7: Classificação | K7: Análise DG
H8: Produtos e Serviços | I8: Correção e Prevenção | J8: Desempenho e Eficácia SGQ | K8: IMPACTO
A10: =IF(COUNTA(B10:K10)=0,"",ROW()-9)
A11: =IF(COUNTA(B11:K11)=0,"",ROW()-9)
A12: =IF(COUNTA(B12:K12)=0,"",ROW()-9)
A13: =IF(COUNTA(B13:K13)=0,"",ROW()-9)
A14: =IF(COUNTA(B14:K14)=0,"",ROW()-9)
A15: =IF(COUNTA(B15:K15)=0,"",ROW()-9)
A16: =IF(COUNTA(B16:K16)=0,"",ROW()-9)
A17: =IF(COUNTA(B17:K17)=0,"",ROW()-9)
A18: =IF(COUNTA(B18:K18)=0,"",ROW()-9)
A19: =IF(COUNTA(B19:K19)=0,"",ROW()-9)
A20: =IF(COUNTA(B20:K20)=0,"",ROW()-9)
A21: =IF(COUNTA(B21:K21)=0,"",ROW()-9)
... A55: =IF(COUNTA(B55:K55)=0,"",ROW()-9)
A57: OBSERVAÇÃO:
A59: FQ-08.31 (anexo ao PQ-08.01) - RA - revisão 01 de 09/04/26 - Página 9/10

Sheet Tecnolat
A1: (LOGO UNIDADE) | B1: CONTROLE DE MELHORIAS
A3: ANO: | D3: =IF(FQ0831_Pag1!D3="","",FQ0831_Pag1!D3) -> (ANO) | H3: ATUALIZADO EM: | I3: =IF(FQ0831_Pag1!I3="","",FQ0831_Pag1!I3) -> 46121
A5: 1.1 Identificação das melhorias pelas Unidades
A7: N° | B7: UNIDADE | C7: MÊS | D7: PROCESSO | E7: IDENTIFICAÇÃO DA MELHORIA | F7: O QUE MELHOROU (Detalhes que justifiquem a classificação do item como melhoria) | G7: ABRANGÊNCIA | H7: Classificação | K7: Análise DG
H8: Produtos e Serviços | I8: Correção e Prevenção | J8: Desempenho e Eficácia SGQ | K8: IMPACTO
A10: =IF(COUNTA(B10:K10)=0,"",ROW()-9)
A11: =IF(COUNTA(B11:K11)=0,"",ROW()-9)
A12: =IF(COUNTA(B12:K12)=0,"",ROW()-9)
A13: =IF(COUNTA(B13:K13)=0,"",ROW()-9)
A14: =IF(COUNTA(B14:K14)=0,"",ROW()-9)
A15: =IF(COUNTA(B15:K15)=0,"",ROW()-9)
A16: =IF(COUNTA(B16:K16)=0,"",ROW()-9)
A17: =IF(COUNTA(B17:K17)=0,"",ROW()-9)
A18: =IF(COUNTA(B18:K18)=0,"",ROW()-9)
A19: =IF(COUNTA(B19:K19)=0,"",ROW()-9)
A20: =IF(COUNTA(B20:K20)=0,"",ROW()-9)
A21: =IF(COUNTA(B21:K21)=0,"",ROW()-9)
... A55: =IF(COUNTA(B55:K55)=0,"",ROW()-9)
A57: OBSERVAÇÃO:
A59: FQ-08.31 (anexo ao PQ-08.01) - RA - revisão 01 de 09/04/26 - Página 10/10
